"","Age","Prediction","SE","Type"
"1",0.5,-0.641723921808802,0.0896546857997643,"Total ecosystem carbon"
"2",0.6,-0.640699799771335,0.0896546857997643,"Total ecosystem carbon"
"3",0.7,-0.639675677733869,0.0896546857997643,"Total ecosystem carbon"
"4",0.8,-0.638651555696402,0.0896546857997643,"Total ecosystem carbon"
"5",0.9,-0.637627433658935,0.0896546857997643,"Total ecosystem carbon"
"6",1,-0.636603311621469,0.0896546857997643,"Total ecosystem carbon"
"7",1.1,-0.635579189584002,0.0896546857997643,"Total ecosystem carbon"
"8",1.2,-0.634555067546535,0.0896546857997643,"Total ecosystem carbon"
"9",1.3,-0.633530945509069,0.0896546857997643,"Total ecosystem carbon"
"10",1.4,-0.632506823471602,0.0896546857997643,"Total ecosystem carbon"
"11",1.5,-0.631482701434135,0.0896546857997643,"Total ecosystem carbon"
"12",1.6,-0.630458579396669,0.0896546857997643,"Total ecosystem carbon"
"13",1.7,-0.629434457359202,0.0896546857997643,"Total ecosystem carbon"
"14",1.8,-0.628410335321735,0.0896546857997643,"Total ecosystem carbon"
"15",1.9,-0.627386213284269,0.0896546857997643,"Total ecosystem carbon"
"16",2,-0.626362091246802,0.0896546857997643,"Total ecosystem carbon"
"17",2.1,-0.625337969209335,0.0896546857997643,"Total ecosystem carbon"
"18",2.2,-0.624313847171869,0.0896546857997643,"Total ecosystem carbon"
"19",2.3,-0.623289725134402,0.0896546857997643,"Total ecosystem carbon"
"20",2.4,-0.622265603096935,0.0896546857997643,"Total ecosystem carbon"
"21",2.5,-0.621241481059469,0.0896546857997643,"Total ecosystem carbon"
"22",2.6,-0.620217359022002,0.0896546857997643,"Total ecosystem carbon"
"23",2.7,-0.619193236984535,0.0896546857997643,"Total ecosystem carbon"
"24",2.8,-0.618169114947069,0.0896546857997643,"Total ecosystem carbon"
"25",2.9,-0.617144992909602,0.0896546857997643,"Total ecosystem carbon"
"26",3,-0.616120870872136,0.0896546857997643,"Total ecosystem carbon"
"27",3.1,-0.615096748834669,0.0896546857997643,"Total ecosystem carbon"
"28",3.2,-0.614072626797202,0.0896546857997643,"Total ecosystem carbon"
"29",3.3,-0.613048504759735,0.0896546857997643,"Total ecosystem carbon"
"30",3.4,-0.612024382722269,0.0896546857997643,"Total ecosystem carbon"
"31",3.5,-0.611000260684802,0.0896546857997643,"Total ecosystem carbon"
"32",3.6,-0.609976138647336,0.0896546857997643,"Total ecosystem carbon"
"33",3.7,-0.608952016609869,0.0896546857997643,"Total ecosystem carbon"
"34",3.8,-0.607927894572402,0.0896546857997643,"Total ecosystem carbon"
"35",3.9,-0.606903772534936,0.0896546857997643,"Total ecosystem carbon"
"36",4,-0.605879650497469,0.0896546857997643,"Total ecosystem carbon"
"37",4.1,-0.604855528460002,0.0896546857997643,"Total ecosystem carbon"
"38",4.2,-0.603831406422536,0.0896546857997643,"Total ecosystem carbon"
"39",4.3,-0.602807284385069,0.0896546857997643,"Total ecosystem carbon"
"40",4.4,-0.601783162347602,0.0896546857997643,"Total ecosystem carbon"
"41",4.5,-0.600759040310136,0.0896546857997643,"Total ecosystem carbon"
"42",4.6,-0.599734918272669,0.0896546857997643,"Total ecosystem carbon"
"43",4.7,-0.598710796235202,0.0896546857997643,"Total ecosystem carbon"
"44",4.8,-0.597686674197736,0.0896546857997643,"Total ecosystem carbon"
"45",4.9,-0.596662552160269,0.0896546857997643,"Total ecosystem carbon"
"46",5,-0.595638430122802,0.0896546857997643,"Total ecosystem carbon"
"47",5.1,-0.594614308085336,0.0896546857997643,"Total ecosystem carbon"
"48",5.2,-0.593590186047869,0.0896546857997643,"Total ecosystem carbon"
"49",5.3,-0.592566064010402,0.0896546857997643,"Total ecosystem carbon"
"50",5.4,-0.591541941972936,0.0896546857997643,"Total ecosystem carbon"
"51",5.5,-0.590517819935469,0.0896546857997643,"Total ecosystem carbon"
"52",5.6,-0.589493697898002,0.0896546857997643,"Total ecosystem carbon"
"53",5.7,-0.588469575860536,0.0896546857997643,"Total ecosystem carbon"
"54",5.8,-0.587445453823069,0.0896546857997643,"Total ecosystem carbon"
"55",5.9,-0.586421331785602,0.0896546857997643,"Total ecosystem carbon"
"56",6,-0.585397209748136,0.0896546857997643,"Total ecosystem carbon"
"57",6.1,-0.584373087710669,0.0896546857997643,"Total ecosystem carbon"
"58",6.2,-0.583348965673202,0.0896546857997643,"Total ecosystem carbon"
"59",6.3,-0.582324843635736,0.0896546857997643,"Total ecosystem carbon"
"60",6.4,-0.581300721598269,0.0896546857997643,"Total ecosystem carbon"
"61",6.5,-0.580276599560802,0.0896546857997643,"Total ecosystem carbon"
"62",6.6,-0.579252477523336,0.0896546857997643,"Total ecosystem carbon"
"63",6.7,-0.578228355485869,0.0896546857997643,"Total ecosystem carbon"
"64",6.8,-0.577204233448402,0.0896546857997643,"Total ecosystem carbon"
"65",6.9,-0.576180111410936,0.0896546857997643,"Total ecosystem carbon"
"66",7,-0.575155989373469,0.0896546857997643,"Total ecosystem carbon"
"67",7.1,-0.574131867336003,0.0896546857997643,"Total ecosystem carbon"
"68",7.2,-0.573107745298536,0.0896546857997643,"Total ecosystem carbon"
"69",7.3,-0.572083623261069,0.0896546857997643,"Total ecosystem carbon"
"70",7.4,-0.571059501223603,0.0896546857997643,"Total ecosystem carbon"
"71",7.5,-0.570035379186136,0.0896546857997643,"Total ecosystem carbon"
"72",7.6,-0.569011257148669,0.0896546857997643,"Total ecosystem carbon"
"73",7.7,-0.567987135111203,0.0896546857997643,"Total ecosystem carbon"
"74",7.8,-0.566963013073736,0.0896546857997643,"Total ecosystem carbon"
"75",7.9,-0.565938891036269,0.0896546857997643,"Total ecosystem carbon"
"76",8,-0.564914768998803,0.0896546857997643,"Total ecosystem carbon"
"77",8.1,-0.563890646961336,0.0896546857997643,"Total ecosystem carbon"
"78",8.2,-0.562866524923869,0.0896546857997643,"Total ecosystem carbon"
"79",8.3,-0.561842402886403,0.0896546857997643,"Total ecosystem carbon"
"80",8.4,-0.560818280848936,0.0896546857997643,"Total ecosystem carbon"
"81",8.5,-0.559794158811469,0.0896546857997643,"Total ecosystem carbon"
"82",8.6,-0.558770036774003,0.0896546857997643,"Total ecosystem carbon"
"83",8.7,-0.557745914736536,0.0896546857997643,"Total ecosystem carbon"
"84",8.8,-0.556721792699069,0.0896546857997643,"Total ecosystem carbon"
"85",8.9,-0.555697670661603,0.0896546857997643,"Total ecosystem carbon"
"86",9,-0.554673548624136,0.0896546857997643,"Total ecosystem carbon"
"87",9.1,-0.553649426586669,0.0896546857997643,"Total ecosystem carbon"
"88",9.2,-0.552625304549203,0.0896546857997643,"Total ecosystem carbon"
"89",9.3,-0.551601182511736,0.0896546857997643,"Total ecosystem carbon"
"90",9.4,-0.550577060474269,0.0896546857997643,"Total ecosystem carbon"
"91",9.5,-0.549552938436803,0.0896546857997643,"Total ecosystem carbon"
"92",9.6,-0.548528816399336,0.0896546857997643,"Total ecosystem carbon"
"93",9.7,-0.547504694361869,0.0896546857997643,"Total ecosystem carbon"
"94",9.8,-0.546480572324403,0.0896546857997643,"Total ecosystem carbon"
"95",9.9,-0.545456450286936,0.0896546857997643,"Total ecosystem carbon"
"96",10,-0.544432328249469,0.0896546857997643,"Total ecosystem carbon"
"97",10.1,-0.543408206212003,0.0896546857997643,"Total ecosystem carbon"
"98",10.2,-0.542384084174536,0.0896546857997643,"Total ecosystem carbon"
"99",10.3,-0.541359962137069,0.0896546857997643,"Total ecosystem carbon"
"100",10.4,-0.540335840099603,0.0896546857997643,"Total ecosystem carbon"
"101",10.5,-0.539311718062136,0.0896546857997643,"Total ecosystem carbon"
"102",10.6,-0.538287596024669,0.0896546857997643,"Total ecosystem carbon"
"103",10.7,-0.537263473987203,0.0896546857997643,"Total ecosystem carbon"
"104",10.8,-0.536239351949736,0.0896546857997643,"Total ecosystem carbon"
"105",10.9,-0.53521522991227,0.0896546857997643,"Total ecosystem carbon"
"106",11,-0.534191107874803,0.0896546857997643,"Total ecosystem carbon"
"107",11.1,-0.533166985837336,0.0896546857997643,"Total ecosystem carbon"
"108",11.2,-0.53214286379987,0.0896546857997643,"Total ecosystem carbon"
"109",11.3,-0.531118741762403,0.0896546857997643,"Total ecosystem carbon"
"110",11.4,-0.530094619724936,0.0896546857997643,"Total ecosystem carbon"
"111",11.5,-0.52907049768747,0.0896546857997643,"Total ecosystem carbon"
"112",11.6,-0.528046375650003,0.0896546857997643,"Total ecosystem carbon"
"113",11.7,-0.527022253612536,0.0896546857997643,"Total ecosystem carbon"
"114",11.8,-0.52599813157507,0.0896546857997643,"Total ecosystem carbon"
"115",11.9,-0.524974009537603,0.0896546857997643,"Total ecosystem carbon"
"116",12,-0.523949887500136,0.0896546857997643,"Total ecosystem carbon"
"117",12.1,-0.52292576546267,0.0896546857997643,"Total ecosystem carbon"
"118",12.2,-0.521901643425203,0.0896546857997643,"Total ecosystem carbon"
"119",12.3,-0.520877521387736,0.0896546857997643,"Total ecosystem carbon"
"120",12.4,-0.51985339935027,0.0896546857997643,"Total ecosystem carbon"
"121",12.5,-0.518829277312803,0.0896546857997643,"Total ecosystem carbon"
"122",12.6,-0.517805155275336,0.0896546857997643,"Total ecosystem carbon"
"123",12.7,-0.51678103323787,0.0896546857997643,"Total ecosystem carbon"
"124",12.8,-0.515756911200403,0.0896546857997643,"Total ecosystem carbon"
"125",12.9,-0.514732789162936,0.0896546857997643,"Total ecosystem carbon"
"126",13,-0.51370866712547,0.0896546857997643,"Total ecosystem carbon"
"127",13.1,-0.512684545088003,0.0896546857997643,"Total ecosystem carbon"
"128",13.2,-0.511660423050536,0.0896546857997643,"Total ecosystem carbon"
"129",13.3,-0.51063630101307,0.0896546857997643,"Total ecosystem carbon"
"130",13.4,-0.509612178975603,0.0896546857997643,"Total ecosystem carbon"
"131",13.5,-0.508588056938136,0.0896546857997643,"Total ecosystem carbon"
"132",13.6,-0.50756393490067,0.0896546857997643,"Total ecosystem carbon"
"133",13.7,-0.506539812863203,0.0896546857997643,"Total ecosystem carbon"
"134",13.8,-0.505515690825736,0.0896546857997643,"Total ecosystem carbon"
"135",13.9,-0.50449156878827,0.0896546857997643,"Total ecosystem carbon"
"136",14,-0.503467446750803,0.0896546857997643,"Total ecosystem carbon"
"137",14.1,-0.502443324713336,0.0896546857997643,"Total ecosystem carbon"
"138",14.2,-0.50141920267587,0.0896546857997643,"Total ecosystem carbon"
"139",14.3,-0.500395080638403,0.0896546857997643,"Total ecosystem carbon"
"140",14.4,-0.499370958600936,0.0896546857997643,"Total ecosystem carbon"
"141",14.5,-0.49834683656347,0.0896546857997643,"Total ecosystem carbon"
"142",14.6,-0.497322714526003,0.0896546857997643,"Total ecosystem carbon"
"143",14.7,-0.496298592488537,0.0896546857997643,"Total ecosystem carbon"
"144",14.8,-0.49527447045107,0.0896546857997643,"Total ecosystem carbon"
"145",14.9,-0.494250348413603,0.0896546857997643,"Total ecosystem carbon"
"146",15,-0.493226226376137,0.0896546857997643,"Total ecosystem carbon"
"147",15.1,-0.49220210433867,0.0896546857997643,"Total ecosystem carbon"
"148",15.2,-0.491177982301203,0.0896546857997643,"Total ecosystem carbon"
"149",15.3,-0.490153860263737,0.0896546857997643,"Total ecosystem carbon"
"150",15.4,-0.48912973822627,0.0896546857997643,"Total ecosystem carbon"
"151",15.5,-0.488105616188803,0.0896546857997643,"Total ecosystem carbon"
"152",15.6,-0.487081494151337,0.0896546857997643,"Total ecosystem carbon"
"153",15.7,-0.48605737211387,0.0896546857997643,"Total ecosystem carbon"
"154",15.8,-0.485033250076403,0.0896546857997643,"Total ecosystem carbon"
"155",15.9,-0.484009128038937,0.0896546857997643,"Total ecosystem carbon"
"156",16,-0.48298500600147,0.0896546857997643,"Total ecosystem carbon"
"157",16.1,-0.481960883964003,0.0896546857997643,"Total ecosystem carbon"
"158",16.2,-0.480936761926537,0.0896546857997643,"Total ecosystem carbon"
"159",16.3,-0.47991263988907,0.0896546857997643,"Total ecosystem carbon"
"160",16.4,-0.478888517851603,0.0896546857997643,"Total ecosystem carbon"
"161",16.5,-0.477864395814137,0.0896546857997643,"Total ecosystem carbon"
"162",16.6,-0.47684027377667,0.0896546857997643,"Total ecosystem carbon"
"163",16.7,-0.475816151739203,0.0896546857997643,"Total ecosystem carbon"
"164",16.8,-0.474792029701737,0.0896546857997643,"Total ecosystem carbon"
"165",16.9,-0.47376790766427,0.0896546857997643,"Total ecosystem carbon"
"166",17,-0.472743785626803,0.0896546857997643,"Total ecosystem carbon"
"167",17.1,-0.471719663589337,0.0896546857997643,"Total ecosystem carbon"
"168",17.2,-0.47069554155187,0.0896546857997643,"Total ecosystem carbon"
"169",17.3,-0.469671419514403,0.0896546857997643,"Total ecosystem carbon"
"170",17.4,-0.468647297476937,0.0896546857997643,"Total ecosystem carbon"
"171",17.5,-0.46762317543947,0.0896546857997643,"Total ecosystem carbon"
"172",17.6,-0.466599053402003,0.0896546857997643,"Total ecosystem carbon"
"173",17.7,-0.465574931364537,0.0896546857997643,"Total ecosystem carbon"
"174",17.8,-0.46455080932707,0.0896546857997643,"Total ecosystem carbon"
"175",17.9,-0.463526687289603,0.0896546857997643,"Total ecosystem carbon"
"176",18,-0.462502565252137,0.0896546857997643,"Total ecosystem carbon"
"177",18.1,-0.46147844321467,0.0896546857997643,"Total ecosystem carbon"
"178",18.2,-0.460454321177204,0.0896546857997643,"Total ecosystem carbon"
"179",18.3,-0.459430199139737,0.0896546857997643,"Total ecosystem carbon"
"180",18.4,-0.45840607710227,0.0896546857997643,"Total ecosystem carbon"
"181",18.5,-0.457381955064804,0.0896546857997643,"Total ecosystem carbon"
"182",18.6,-0.456357833027337,0.0896546857997643,"Total ecosystem carbon"
"183",18.7,-0.45533371098987,0.0896546857997643,"Total ecosystem carbon"
"184",18.8,-0.454309588952404,0.0896546857997643,"Total ecosystem carbon"
"185",18.9,-0.453285466914937,0.0896546857997643,"Total ecosystem carbon"
"186",19,-0.45226134487747,0.0896546857997643,"Total ecosystem carbon"
"187",19.1,-0.451237222840004,0.0896546857997643,"Total ecosystem carbon"
"188",19.2,-0.450213100802537,0.0896546857997643,"Total ecosystem carbon"
"189",19.3,-0.44918897876507,0.0896546857997643,"Total ecosystem carbon"
"190",19.4,-0.448164856727604,0.0896546857997643,"Total ecosystem carbon"
"191",19.5,-0.447140734690137,0.0896546857997643,"Total ecosystem carbon"
"192",19.6,-0.44611661265267,0.0896546857997643,"Total ecosystem carbon"
"193",19.7,-0.445092490615204,0.0896546857997643,"Total ecosystem carbon"
"194",19.8,-0.444068368577737,0.0896546857997643,"Total ecosystem carbon"
"195",19.9,-0.44304424654027,0.0896546857997643,"Total ecosystem carbon"
"196",20,-0.442020124502804,0.0896546857997643,"Total ecosystem carbon"
"197",20.1,-0.440996002465337,0.0896546857997643,"Total ecosystem carbon"
"198",20.2,-0.43997188042787,0.0896546857997643,"Total ecosystem carbon"
"199",20.3,-0.438947758390404,0.0896546857997643,"Total ecosystem carbon"
"200",20.4,-0.437923636352937,0.0896546857997643,"Total ecosystem carbon"
"201",20.5,-0.43689951431547,0.0896546857997643,"Total ecosystem carbon"
"202",20.6,-0.435875392278004,0.0896546857997643,"Total ecosystem carbon"
"203",20.7,-0.434851270240537,0.0896546857997643,"Total ecosystem carbon"
"204",20.8,-0.43382714820307,0.0896546857997643,"Total ecosystem carbon"
"205",20.9,-0.432803026165604,0.0896546857997643,"Total ecosystem carbon"
"206",21,-0.431778904128137,0.0896546857997643,"Total ecosystem carbon"
"207",21.1,-0.43075478209067,0.0896546857997643,"Total ecosystem carbon"
"208",21.2,-0.429730660053204,0.0896546857997643,"Total ecosystem carbon"
"209",21.3,-0.428706538015737,0.0896546857997643,"Total ecosystem carbon"
"210",21.4,-0.42768241597827,0.0896546857997643,"Total ecosystem carbon"
"211",21.5,-0.426658293940804,0.0896546857997643,"Total ecosystem carbon"
"212",21.6,-0.425634171903337,0.0896546857997643,"Total ecosystem carbon"
"213",21.7,-0.42461004986587,0.0896546857997643,"Total ecosystem carbon"
"214",21.8,-0.423585927828404,0.0896546857997643,"Total ecosystem carbon"
"215",21.9,-0.422561805790937,0.0896546857997643,"Total ecosystem carbon"
"216",22,-0.421537683753471,0.0896546857997643,"Total ecosystem carbon"
"217",22.1,-0.420513561716004,0.0896546857997643,"Total ecosystem carbon"
"218",22.2,-0.419489439678537,0.0896546857997643,"Total ecosystem carbon"
"219",22.3,-0.418465317641071,0.0896546857997643,"Total ecosystem carbon"
"220",22.4,-0.417441195603604,0.0896546857997643,"Total ecosystem carbon"
"221",22.5,-0.416417073566137,0.0896546857997643,"Total ecosystem carbon"
"222",22.6,-0.415392951528671,0.0896546857997643,"Total ecosystem carbon"
"223",22.7,-0.414368829491204,0.0896546857997643,"Total ecosystem carbon"
"224",22.8,-0.413344707453737,0.0896546857997643,"Total ecosystem carbon"
"225",22.9,-0.412320585416271,0.0896546857997643,"Total ecosystem carbon"
"226",23,-0.411296463378804,0.0896546857997643,"Total ecosystem carbon"
"227",23.1,-0.410272341341337,0.0896546857997643,"Total ecosystem carbon"
"228",23.2,-0.409248219303871,0.0896546857997643,"Total ecosystem carbon"
"229",23.3,-0.408224097266404,0.0896546857997643,"Total ecosystem carbon"
"230",23.4,-0.407199975228937,0.0896546857997643,"Total ecosystem carbon"
"231",23.5,-0.406175853191471,0.0896546857997643,"Total ecosystem carbon"
"232",23.6,-0.405151731154004,0.0896546857997643,"Total ecosystem carbon"
"233",23.7,-0.404127609116537,0.0896546857997643,"Total ecosystem carbon"
"234",23.8,-0.403103487079071,0.0896546857997643,"Total ecosystem carbon"
"235",23.9,-0.402079365041604,0.0896546857997643,"Total ecosystem carbon"
"236",24,-0.401055243004137,0.0896546857997643,"Total ecosystem carbon"
"237",24.1,-0.400031120966671,0.0896546857997643,"Total ecosystem carbon"
"238",24.2,-0.399006998929204,0.0896546857997643,"Total ecosystem carbon"
"239",24.3,-0.397982876891737,0.0896546857997643,"Total ecosystem carbon"
"240",24.4,-0.396958754854271,0.0896546857997643,"Total ecosystem carbon"
"241",24.5,-0.395934632816804,0.0896546857997643,"Total ecosystem carbon"
"242",24.6,-0.394910510779337,0.0896546857997643,"Total ecosystem carbon"
"243",24.7,-0.393886388741871,0.0896546857997643,"Total ecosystem carbon"
"244",24.8,-0.392862266704404,0.0896546857997643,"Total ecosystem carbon"
"245",24.9,-0.391838144666937,0.0896546857997643,"Total ecosystem carbon"
"246",25,-0.390814022629471,0.0896546857997643,"Total ecosystem carbon"
"247",25.1,-0.389789900592004,0.0896546857997643,"Total ecosystem carbon"
"248",25.2,-0.388765778554537,0.0896546857997643,"Total ecosystem carbon"
"249",25.3,-0.387741656517071,0.0896546857997643,"Total ecosystem carbon"
"250",25.4,-0.386717534479604,0.0896546857997643,"Total ecosystem carbon"
"251",25.5,-0.385693412442138,0.0896546857997643,"Total ecosystem carbon"
"252",25.6,-0.384669290404671,0.0896546857997643,"Total ecosystem carbon"
"253",25.7,-0.383645168367204,0.0896546857997643,"Total ecosystem carbon"
"254",25.8,-0.382621046329738,0.0896546857997643,"Total ecosystem carbon"
"255",25.9,-0.381596924292271,0.0896546857997643,"Total ecosystem carbon"
"256",26,-0.380572802254804,0.0896546857997643,"Total ecosystem carbon"
"257",26.1,-0.379548680217338,0.0896546857997643,"Total ecosystem carbon"
"258",26.2,-0.378524558179871,0.0896546857997643,"Total ecosystem carbon"
"259",26.3,-0.377500436142404,0.0896546857997643,"Total ecosystem carbon"
"260",26.4,-0.376476314104938,0.0896546857997643,"Total ecosystem carbon"
"261",26.5,-0.375452192067471,0.0896546857997643,"Total ecosystem carbon"
"262",26.6,-0.374428070030004,0.0896546857997643,"Total ecosystem carbon"
"263",26.7,-0.373403947992538,0.0896546857997643,"Total ecosystem carbon"
"264",26.8,-0.372379825955071,0.0896546857997643,"Total ecosystem carbon"
"265",26.9,-0.371355703917604,0.0896546857997643,"Total ecosystem carbon"
"266",27,-0.370331581880138,0.0896546857997643,"Total ecosystem carbon"
"267",27.1,-0.369307459842671,0.0896546857997643,"Total ecosystem carbon"
"268",27.2,-0.368283337805204,0.0896546857997643,"Total ecosystem carbon"
"269",27.3,-0.367259215767738,0.0896546857997643,"Total ecosystem carbon"
"270",27.4,-0.366235093730271,0.0896546857997643,"Total ecosystem carbon"
"271",27.5,-0.365210971692804,0.0896546857997643,"Total ecosystem carbon"
"272",27.6,-0.364186849655338,0.0896546857997643,"Total ecosystem carbon"
"273",27.7,-0.363162727617871,0.0896546857997643,"Total ecosystem carbon"
"274",27.8,-0.362138605580404,0.0896546857997643,"Total ecosystem carbon"
"275",27.9,-0.361114483542938,0.0896546857997643,"Total ecosystem carbon"
"276",28,-0.360090361505471,0.0896546857997643,"Total ecosystem carbon"
"277",28.1,-0.359066239468004,0.0896546857997643,"Total ecosystem carbon"
"278",28.2,-0.358042117430538,0.0896546857997643,"Total ecosystem carbon"
"279",28.3,-0.357017995393071,0.0896546857997643,"Total ecosystem carbon"
"280",28.4,-0.355993873355604,0.0896546857997643,"Total ecosystem carbon"
"281",28.5,-0.354969751318138,0.0896546857997643,"Total ecosystem carbon"
"282",28.6,-0.353945629280671,0.0896546857997643,"Total ecosystem carbon"
"283",28.7,-0.352921507243204,0.0896546857997643,"Total ecosystem carbon"
"284",28.8,-0.351897385205738,0.0896546857997643,"Total ecosystem carbon"
"285",28.9,-0.350873263168271,0.0896546857997643,"Total ecosystem carbon"
"286",29,-0.349849141130804,0.0896546857997643,"Total ecosystem carbon"
"287",29.1,-0.348825019093338,0.0896546857997643,"Total ecosystem carbon"
"288",29.2,-0.347800897055871,0.0896546857997643,"Total ecosystem carbon"
"289",29.3,-0.346776775018404,0.0896546857997643,"Total ecosystem carbon"
"290",29.4,-0.345752652980938,0.0896546857997643,"Total ecosystem carbon"
"291",29.5,-0.344728530943471,0.0896546857997643,"Total ecosystem carbon"
"292",29.6,-0.343704408906005,0.0896546857997643,"Total ecosystem carbon"
"293",29.7,-0.342680286868538,0.0896546857997643,"Total ecosystem carbon"
"294",29.8,-0.341656164831071,0.0896546857997643,"Total ecosystem carbon"
"295",29.9,-0.340632042793605,0.0896546857997643,"Total ecosystem carbon"
"296",30,-0.339607920756138,0.0896546857997643,"Total ecosystem carbon"
"297",30.1,-0.338583798718671,0.0896546857997643,"Total ecosystem carbon"
"298",30.2,-0.337559676681205,0.0896546857997643,"Total ecosystem carbon"
"299",30.3,-0.336535554643738,0.0896546857997643,"Total ecosystem carbon"
"300",30.4,-0.335511432606271,0.0896546857997643,"Total ecosystem carbon"
"301",30.5,-0.334487310568805,0.0896546857997643,"Total ecosystem carbon"
"302",30.6,-0.333463188531338,0.0896546857997643,"Total ecosystem carbon"
"303",30.7,-0.332439066493871,0.0896546857997643,"Total ecosystem carbon"
"304",30.8,-0.331414944456405,0.0896546857997643,"Total ecosystem carbon"
"305",30.9,-0.330390822418938,0.0896546857997643,"Total ecosystem carbon"
"306",31,-0.329366700381471,0.0896546857997643,"Total ecosystem carbon"
"307",31.1,-0.328342578344005,0.0896546857997643,"Total ecosystem carbon"
"308",31.2,-0.327318456306538,0.0896546857997643,"Total ecosystem carbon"
"309",31.3,-0.326294334269071,0.0896546857997643,"Total ecosystem carbon"
"310",31.4,-0.325270212231605,0.0896546857997643,"Total ecosystem carbon"
"311",31.5,-0.324246090194138,0.0896546857997643,"Total ecosystem carbon"
"312",31.6,-0.323221968156671,0.0896546857997643,"Total ecosystem carbon"
"313",31.7,-0.322197846119205,0.0896546857997643,"Total ecosystem carbon"
"314",31.8,-0.321173724081738,0.0896546857997643,"Total ecosystem carbon"
"315",31.9,-0.320149602044271,0.0896546857997643,"Total ecosystem carbon"
"316",32,-0.319125480006805,0.0896546857997643,"Total ecosystem carbon"
"317",32.1,-0.318101357969338,0.0896546857997643,"Total ecosystem carbon"
"318",32.2,-0.317077235931871,0.0896546857997643,"Total ecosystem carbon"
"319",32.3,-0.316053113894405,0.0896546857997643,"Total ecosystem carbon"
"320",32.4,-0.315028991856938,0.0896546857997643,"Total ecosystem carbon"
"321",32.5,-0.314004869819471,0.0896546857997643,"Total ecosystem carbon"
"322",32.6,-0.312980747782005,0.0896546857997643,"Total ecosystem carbon"
"323",32.7,-0.311956625744538,0.0896546857997643,"Total ecosystem carbon"
"324",32.8,-0.310932503707071,0.0896546857997643,"Total ecosystem carbon"
"325",32.9,-0.309908381669605,0.0896546857997643,"Total ecosystem carbon"
"326",33,-0.308884259632138,0.0896546857997643,"Total ecosystem carbon"
"327",33.1,-0.307860137594672,0.0896546857997643,"Total ecosystem carbon"
"328",33.2,-0.306836015557205,0.0896546857997643,"Total ecosystem carbon"
"329",33.3,-0.305811893519738,0.0896546857997643,"Total ecosystem carbon"
"330",33.4,-0.304787771482272,0.0896546857997643,"Total ecosystem carbon"
"331",33.5,-0.303763649444805,0.0896546857997643,"Total ecosystem carbon"
"332",33.6,-0.302739527407338,0.0896546857997643,"Total ecosystem carbon"
"333",33.7,-0.301715405369872,0.0896546857997643,"Total ecosystem carbon"
"334",33.8,-0.300691283332405,0.0896546857997643,"Total ecosystem carbon"
"335",33.9,-0.299667161294938,0.0896546857997643,"Total ecosystem carbon"
"336",34,-0.298643039257472,0.0896546857997643,"Total ecosystem carbon"
"337",34.1,-0.297618917220005,0.0896546857997643,"Total ecosystem carbon"
"338",34.2,-0.296594795182538,0.0896546857997643,"Total ecosystem carbon"
"339",34.3,-0.295570673145072,0.0896546857997643,"Total ecosystem carbon"
"340",34.4,-0.294546551107605,0.0896546857997643,"Total ecosystem carbon"
"341",34.5,-0.293522429070138,0.0896546857997643,"Total ecosystem carbon"
"342",34.6,-0.292498307032672,0.0896546857997643,"Total ecosystem carbon"
"343",34.7,-0.291474184995205,0.0896546857997643,"Total ecosystem carbon"
"344",34.8,-0.290450062957738,0.0896546857997643,"Total ecosystem carbon"
"345",34.9,-0.289425940920272,0.0896546857997643,"Total ecosystem carbon"
"346",35,-0.288401818882805,0.0896546857997643,"Total ecosystem carbon"
"347",35.1,-0.287377696845338,0.0896546857997643,"Total ecosystem carbon"
"348",35.2,-0.286353574807872,0.0896546857997643,"Total ecosystem carbon"
"349",35.3,-0.285329452770405,0.0896546857997643,"Total ecosystem carbon"
"350",35.4,-0.284305330732938,0.0896546857997643,"Total ecosystem carbon"
"351",35.5,-0.283281208695472,0.0896546857997643,"Total ecosystem carbon"
"352",35.6,-0.282257086658005,0.0896546857997643,"Total ecosystem carbon"
"353",35.7,-0.281232964620538,0.0896546857997643,"Total ecosystem carbon"
"354",35.8,-0.280208842583072,0.0896546857997643,"Total ecosystem carbon"
"355",35.9,-0.279184720545605,0.0896546857997643,"Total ecosystem carbon"
"356",36,-0.278160598508138,0.0896546857997643,"Total ecosystem carbon"
"357",36.1,-0.277136476470672,0.0896546857997643,"Total ecosystem carbon"
"358",36.2,-0.276112354433205,0.0896546857997643,"Total ecosystem carbon"
"359",36.3,-0.275088232395738,0.0896546857997643,"Total ecosystem carbon"
"360",36.4,-0.274064110358272,0.0896546857997643,"Total ecosystem carbon"
"361",36.5,-0.273039988320805,0.0896546857997643,"Total ecosystem carbon"
"362",36.6,-0.272015866283338,0.0896546857997643,"Total ecosystem carbon"
"363",36.7,-0.270991744245872,0.0896546857997643,"Total ecosystem carbon"
"364",36.8,-0.269967622208405,0.0896546857997643,"Total ecosystem carbon"
"365",36.9,-0.268943500170939,0.0896546857997643,"Total ecosystem carbon"
"366",37,-0.267919378133472,0.0896546857997643,"Total ecosystem carbon"
"367",37.1,-0.266895256096005,0.0896546857997643,"Total ecosystem carbon"
"368",37.2,-0.265871134058539,0.0896546857997643,"Total ecosystem carbon"
"369",37.3,-0.264847012021072,0.0896546857997643,"Total ecosystem carbon"
"370",37.4,-0.263822889983605,0.0896546857997643,"Total ecosystem carbon"
"371",37.5,-0.262798767946139,0.0896546857997643,"Total ecosystem carbon"
"372",37.6,-0.261774645908672,0.0896546857997643,"Total ecosystem carbon"
"373",37.7,-0.260750523871205,0.0896546857997643,"Total ecosystem carbon"
"374",37.8,-0.259726401833739,0.0896546857997643,"Total ecosystem carbon"
"375",37.9,-0.258702279796272,0.0896546857997643,"Total ecosystem carbon"
"376",38,-0.257678157758805,0.0896546857997643,"Total ecosystem carbon"
"377",38.1,-0.256654035721339,0.0896546857997643,"Total ecosystem carbon"
"378",38.2,-0.255629913683872,0.0896546857997643,"Total ecosystem carbon"
"379",38.3,-0.254605791646405,0.0896546857997643,"Total ecosystem carbon"
"380",38.4,-0.253581669608939,0.0896546857997643,"Total ecosystem carbon"
"381",38.5,-0.252557547571472,0.0896546857997643,"Total ecosystem carbon"
"382",38.6,-0.251533425534005,0.0896546857997643,"Total ecosystem carbon"
"383",38.7,-0.250509303496539,0.0896546857997643,"Total ecosystem carbon"
"384",38.8,-0.249485181459072,0.0896546857997643,"Total ecosystem carbon"
"385",38.9,-0.248461059421605,0.0896546857997643,"Total ecosystem carbon"
"386",39,-0.247436937384139,0.0896546857997643,"Total ecosystem carbon"
"387",39.1,-0.246412815346672,0.0896546857997643,"Total ecosystem carbon"
"388",39.2,-0.245388693309205,0.0896546857997643,"Total ecosystem carbon"
"389",39.3,-0.244364571271739,0.0896546857997643,"Total ecosystem carbon"
"390",39.4,-0.243340449234272,0.0896546857997643,"Total ecosystem carbon"
"391",39.5,-0.242316327196805,0.0896546857997643,"Total ecosystem carbon"
"392",39.6,-0.241292205159339,0.0896546857997643,"Total ecosystem carbon"
"393",39.7,-0.240268083121872,0.0896546857997643,"Total ecosystem carbon"
"394",39.8,-0.239243961084405,0.0896546857997643,"Total ecosystem carbon"
"395",39.9,-0.238219839046939,0.0896546857997643,"Total ecosystem carbon"
"396",40,-0.237195717009472,0.0896546857997643,"Total ecosystem carbon"
"397",40.1,-0.236171594972005,0.0896546857997643,"Total ecosystem carbon"
"398",40.2,-0.235147472934539,0.0896546857997643,"Total ecosystem carbon"
"399",40.3,-0.234123350897072,0.0896546857997643,"Total ecosystem carbon"
"400",40.4,-0.233099228859605,0.0896546857997643,"Total ecosystem carbon"
"401",40.5,-0.232075106822139,0.0896546857997643,"Total ecosystem carbon"
"402",40.6,-0.231050984784672,0.0896546857997643,"Total ecosystem carbon"
"403",40.7,-0.230026862747205,0.0896546857997643,"Total ecosystem carbon"
"404",40.8,-0.229002740709739,0.0896546857997643,"Total ecosystem carbon"
"405",40.9,-0.227978618672272,0.0896546857997643,"Total ecosystem carbon"
"406",41,-0.226954496634806,0.0896546857997643,"Total ecosystem carbon"
"407",41.1,-0.225930374597339,0.0896546857997643,"Total ecosystem carbon"
"408",41.2,-0.224906252559872,0.0896546857997643,"Total ecosystem carbon"
"409",41.3,-0.223882130522406,0.0896546857997643,"Total ecosystem carbon"
"410",41.4,-0.222858008484939,0.0896546857997643,"Total ecosystem carbon"
"411",41.5,-0.221833886447472,0.0896546857997643,"Total ecosystem carbon"
"412",41.6,-0.220809764410006,0.0896546857997643,"Total ecosystem carbon"
"413",41.7,-0.219785642372539,0.0896546857997643,"Total ecosystem carbon"
"414",41.8,-0.218761520335072,0.0896546857997643,"Total ecosystem carbon"
"415",41.9,-0.217737398297606,0.0896546857997643,"Total ecosystem carbon"
"416",42,-0.216713276260139,0.0896546857997643,"Total ecosystem carbon"
"417",42.1,-0.215689154222672,0.0896546857997643,"Total ecosystem carbon"
"418",42.2,-0.214665032185206,0.0896546857997643,"Total ecosystem carbon"
"419",42.3,-0.213640910147739,0.0896546857997643,"Total ecosystem carbon"
"420",42.4,-0.212616788110272,0.0896546857997643,"Total ecosystem carbon"
"421",42.5,-0.211592666072806,0.0896546857997643,"Total ecosystem carbon"
"422",42.6,-0.210568544035339,0.0896546857997643,"Total ecosystem carbon"
"423",42.7,-0.209544421997872,0.0896546857997643,"Total ecosystem carbon"
"424",42.8,-0.208520299960406,0.0896546857997643,"Total ecosystem carbon"
"425",42.9,-0.207496177922939,0.0896546857997643,"Total ecosystem carbon"
"426",43,-0.206472055885472,0.0896546857997643,"Total ecosystem carbon"
"427",43.1,-0.205447933848006,0.0896546857997643,"Total ecosystem carbon"
"428",43.2,-0.204423811810539,0.0896546857997643,"Total ecosystem carbon"
"429",43.3,-0.203399689773072,0.0896546857997643,"Total ecosystem carbon"
"430",43.4,-0.202375567735606,0.0896546857997643,"Total ecosystem carbon"
"431",43.5,-0.201351445698139,0.0896546857997643,"Total ecosystem carbon"
"432",43.6,-0.200327323660672,0.0896546857997643,"Total ecosystem carbon"
"433",43.7,-0.199303201623206,0.0896546857997643,"Total ecosystem carbon"
"434",43.8,-0.198279079585739,0.0896546857997643,"Total ecosystem carbon"
"435",43.9,-0.197254957548272,0.0896546857997643,"Total ecosystem carbon"
"436",44,-0.196230835510806,0.0896546857997643,"Total ecosystem carbon"
"437",44.1,-0.195206713473339,0.0896546857997643,"Total ecosystem carbon"
"438",44.2,-0.194182591435872,0.0896546857997643,"Total ecosystem carbon"
"439",44.3,-0.193158469398406,0.0896546857997643,"Total ecosystem carbon"
"440",44.4,-0.192134347360939,0.0896546857997643,"Total ecosystem carbon"
"441",44.5,-0.191110225323472,0.0896546857997643,"Total ecosystem carbon"
"442",44.6,-0.190086103286006,0.0896546857997643,"Total ecosystem carbon"
"443",44.7,-0.189061981248539,0.0896546857997643,"Total ecosystem carbon"
"444",44.8,-0.188037859211073,0.0896546857997643,"Total ecosystem carbon"
"445",44.9,-0.187013737173606,0.0896546857997643,"Total ecosystem carbon"
"446",45,-0.185989615136139,0.0896546857997643,"Total ecosystem carbon"
"447",45.1,-0.184965493098673,0.0896546857997643,"Total ecosystem carbon"
"448",45.2,-0.183941371061206,0.0896546857997643,"Total ecosystem carbon"
"449",45.3,-0.182917249023739,0.0896546857997643,"Total ecosystem carbon"
"450",45.4,-0.181893126986273,0.0896546857997643,"Total ecosystem carbon"
"451",45.5,-0.180869004948806,0.0896546857997643,"Total ecosystem carbon"
"452",45.6,-0.179844882911339,0.0896546857997643,"Total ecosystem carbon"
"453",45.7,-0.178820760873873,0.0896546857997643,"Total ecosystem carbon"
"454",45.8,-0.177796638836406,0.0896546857997643,"Total ecosystem carbon"
"455",45.9,-0.176772516798939,0.0896546857997643,"Total ecosystem carbon"
"456",46,-0.175748394761473,0.0896546857997643,"Total ecosystem carbon"
"457",46.1,-0.174724272724006,0.0896546857997643,"Total ecosystem carbon"
"458",46.2,-0.173700150686539,0.0896546857997643,"Total ecosystem carbon"
"459",46.3,-0.172676028649073,0.0896546857997643,"Total ecosystem carbon"
"460",46.4,-0.171651906611606,0.0896546857997643,"Total ecosystem carbon"
"461",46.5,-0.170627784574139,0.0896546857997643,"Total ecosystem carbon"
"462",46.6,-0.169603662536673,0.0896546857997643,"Total ecosystem carbon"
"463",46.7,-0.168579540499206,0.0896546857997643,"Total ecosystem carbon"
"464",46.8,-0.167555418461739,0.0896546857997643,"Total ecosystem carbon"
"465",46.9,-0.166531296424273,0.0896546857997643,"Total ecosystem carbon"
"466",47,-0.165507174386806,0.0896546857997643,"Total ecosystem carbon"
"467",47.1,-0.164483052349339,0.0896546857997643,"Total ecosystem carbon"
"468",47.2,-0.163458930311873,0.0896546857997643,"Total ecosystem carbon"
"469",47.3,-0.162434808274406,0.0896546857997643,"Total ecosystem carbon"
"470",47.4,-0.161410686236939,0.0896546857997643,"Total ecosystem carbon"
"471",47.5,-0.160386564199473,0.0896546857997643,"Total ecosystem carbon"
"472",47.6,-0.159362442162006,0.0896546857997643,"Total ecosystem carbon"
"473",47.7,-0.158338320124539,0.0896546857997643,"Total ecosystem carbon"
"474",47.8,-0.157314198087073,0.0896546857997643,"Total ecosystem carbon"
"475",47.9,-0.156290076049606,0.0896546857997643,"Total ecosystem carbon"
"476",48,-0.155265954012139,0.0896546857997643,"Total ecosystem carbon"
"477",48.1,-0.154241831974673,0.0896546857997643,"Total ecosystem carbon"
"478",48.2,-0.153217709937206,0.0896546857997643,"Total ecosystem carbon"
"479",48.3,-0.152193587899739,0.0896546857997643,"Total ecosystem carbon"
"480",48.4,-0.151169465862273,0.0896546857997643,"Total ecosystem carbon"
"481",48.5,-0.150145343824806,0.0896546857997643,"Total ecosystem carbon"
"482",48.6,-0.14912122178734,0.0896546857997643,"Total ecosystem carbon"
"483",48.7,-0.148097099749873,0.0896546857997643,"Total ecosystem carbon"
"484",48.8,-0.147072977712406,0.0896546857997643,"Total ecosystem carbon"
"485",48.9,-0.14604885567494,0.0896546857997643,"Total ecosystem carbon"
"486",49,-0.145024733637473,0.0896546857997643,"Total ecosystem carbon"
"487",49.1,-0.144000611600006,0.0896546857997643,"Total ecosystem carbon"
"488",49.2,-0.14297648956254,0.0896546857997643,"Total ecosystem carbon"
"489",49.3,-0.141952367525073,0.0896546857997643,"Total ecosystem carbon"
"490",49.4,-0.140928245487606,0.0896546857997643,"Total ecosystem carbon"
"491",49.5,-0.13990412345014,0.0896546857997643,"Total ecosystem carbon"
"492",49.6,-0.138880001412673,0.0896546857997643,"Total ecosystem carbon"
"493",49.7,-0.137855879375206,0.0896546857997643,"Total ecosystem carbon"
"494",49.8,-0.13683175733774,0.0896546857997643,"Total ecosystem carbon"
"495",49.9,-0.135807635300273,0.0896546857997643,"Total ecosystem carbon"
"496",50,-0.134783513262806,0.0896546857997643,"Total ecosystem carbon"
"497",50.1,-0.13375939122534,0.0896546857997643,"Total ecosystem carbon"
"498",50.2,-0.132735269187873,0.0896546857997643,"Total ecosystem carbon"
"499",50.3,-0.131711147150406,0.0896546857997643,"Total ecosystem carbon"
"500",50.4,-0.13068702511294,0.0896546857997643,"Total ecosystem carbon"
"501",50.5,-0.129662903075473,0.0896546857997643,"Total ecosystem carbon"
"502",50.6,-0.128638781038006,0.0896546857997643,"Total ecosystem carbon"
"503",50.7,-0.12761465900054,0.0896546857997643,"Total ecosystem carbon"
"504",50.8,-0.126590536963073,0.0896546857997643,"Total ecosystem carbon"
"505",50.9,-0.125566414925606,0.0896546857997643,"Total ecosystem carbon"
"506",51,-0.12454229288814,0.0896546857997643,"Total ecosystem carbon"
"507",51.1,-0.123518170850673,0.0896546857997643,"Total ecosystem carbon"
"508",51.2,-0.122494048813206,0.0896546857997643,"Total ecosystem carbon"
"509",51.3,-0.12146992677574,0.0896546857997643,"Total ecosystem carbon"
"510",51.4,-0.120445804738273,0.0896546857997643,"Total ecosystem carbon"
"511",51.5,-0.119421682700806,0.0896546857997643,"Total ecosystem carbon"
"512",51.6,-0.11839756066334,0.0896546857997643,"Total ecosystem carbon"
"513",51.7,-0.117373438625873,0.0896546857997643,"Total ecosystem carbon"
"514",51.8,-0.116349316588406,0.0896546857997643,"Total ecosystem carbon"
"515",51.9,-0.11532519455094,0.0896546857997643,"Total ecosystem carbon"
"516",52,-0.114301072513473,0.0896546857997643,"Total ecosystem carbon"
"517",52.1,-0.113276950476006,0.0896546857997643,"Total ecosystem carbon"
"518",52.2,-0.11225282843854,0.0896546857997643,"Total ecosystem carbon"
"519",52.3,-0.111228706401073,0.0896546857997643,"Total ecosystem carbon"
"520",52.4,-0.110204584363606,0.0896546857997643,"Total ecosystem carbon"
"521",52.5,-0.10918046232614,0.0896546857997643,"Total ecosystem carbon"
"522",52.6,-0.108156340288673,0.0896546857997643,"Total ecosystem carbon"
"523",52.7,-0.107132218251207,0.0896546857997643,"Total ecosystem carbon"
"524",52.8,-0.10610809621374,0.0896546857997643,"Total ecosystem carbon"
"525",52.9,-0.105083974176273,0.0896546857997643,"Total ecosystem carbon"
"526",53,-0.104059852138807,0.0896546857997643,"Total ecosystem carbon"
"527",53.1,-0.10303573010134,0.0896546857997643,"Total ecosystem carbon"
"528",53.2,-0.102011608063873,0.0896546857997643,"Total ecosystem carbon"
"529",53.3,-0.100987486026407,0.0896546857997643,"Total ecosystem carbon"
"530",53.4,-0.0999633639889399,0.0896546857997643,"Total ecosystem carbon"
"531",53.5,-0.0989392419514733,0.0896546857997643,"Total ecosystem carbon"
"532",53.6,-0.0979151199140067,0.0896546857997643,"Total ecosystem carbon"
"533",53.7,-0.09689099787654,0.0896546857997643,"Total ecosystem carbon"
"534",53.8,-0.0958668758390733,0.0896546857997643,"Total ecosystem carbon"
"535",53.9,-0.0948427538016067,0.0896546857997643,"Total ecosystem carbon"
"536",54,-0.0938186317641401,0.0896546857997643,"Total ecosystem carbon"
"537",54.1,-0.0927945097266734,0.0896546857997643,"Total ecosystem carbon"
"538",54.2,-0.0917703876892066,0.0896546857997643,"Total ecosystem carbon"
"539",54.3,-0.09074626565174,0.0896546857997643,"Total ecosystem carbon"
"540",54.4,-0.0897221436142733,0.0896546857997643,"Total ecosystem carbon"
"541",54.5,-0.0886980215768067,0.0896546857997643,"Total ecosystem carbon"
"542",54.6,-0.08767389953934,0.0896546857997643,"Total ecosystem carbon"
"543",54.7,-0.0866497775018734,0.0896546857997643,"Total ecosystem carbon"
"544",54.8,-0.0856256554644067,0.0896546857997643,"Total ecosystem carbon"
"545",54.9,-0.0846015334269401,0.0896546857997643,"Total ecosystem carbon"
"546",55,-0.0835774113894735,0.0896546857997643,"Total ecosystem carbon"
"547",55.1,-0.0825532893520068,0.0896546857997643,"Total ecosystem carbon"
"548",55.2,-0.0815291673145401,0.0896546857997643,"Total ecosystem carbon"
"549",55.3,-0.0805050452770735,0.0896546857997643,"Total ecosystem carbon"
"550",55.4,-0.0794809232396068,0.0896546857997643,"Total ecosystem carbon"
"551",55.5,-0.0784568012021402,0.0896546857997643,"Total ecosystem carbon"
"552",55.6,-0.0774326791646734,0.0896546857997643,"Total ecosystem carbon"
"553",55.7,-0.0764085571272068,0.0896546857997643,"Total ecosystem carbon"
"554",55.8,-0.0753844350897401,0.0896546857997643,"Total ecosystem carbon"
"555",55.9,-0.0743603130522734,0.0896546857997643,"Total ecosystem carbon"
"556",56,-0.0733361910148068,0.0896546857997643,"Total ecosystem carbon"
"557",56.1,-0.0723120689773402,0.0896546857997643,"Total ecosystem carbon"
"558",56.2,-0.0712879469398735,0.0896546857997643,"Total ecosystem carbon"
"559",56.3,-0.0702638249024069,0.0896546857997643,"Total ecosystem carbon"
"560",56.4,-0.0692397028649402,0.0896546857997643,"Total ecosystem carbon"
"561",56.5,-0.0682155808274736,0.0896546857997643,"Total ecosystem carbon"
"562",56.6,-0.0671914587900069,0.0896546857997643,"Total ecosystem carbon"
"563",56.7,-0.0661673367525403,0.0896546857997643,"Total ecosystem carbon"
"564",56.8,-0.0651432147150736,0.0896546857997643,"Total ecosystem carbon"
"565",56.9,-0.0641190926776068,0.0896546857997643,"Total ecosystem carbon"
"566",57,-0.0630949706401402,0.0896546857997643,"Total ecosystem carbon"
"567",57.1,-0.0620708486026736,0.0896546857997643,"Total ecosystem carbon"
"568",57.2,-0.0610467265652069,0.0896546857997643,"Total ecosystem carbon"
"569",57.3,-0.0600226045277403,0.0896546857997643,"Total ecosystem carbon"
"570",57.4,-0.0589984824902736,0.0896546857997643,"Total ecosystem carbon"
"571",57.5,-0.057974360452807,0.0896546857997643,"Total ecosystem carbon"
"572",57.6,-0.0569502384153403,0.0896546857997643,"Total ecosystem carbon"
"573",57.7,-0.0559261163778737,0.0896546857997643,"Total ecosystem carbon"
"574",57.8,-0.054901994340407,0.0896546857997643,"Total ecosystem carbon"
"575",57.9,-0.0538778723029403,0.0896546857997643,"Total ecosystem carbon"
"576",58,-0.0528537502654737,0.0896546857997643,"Total ecosystem carbon"
"577",58.1,-0.0518296282280071,0.0896546857997643,"Total ecosystem carbon"
"578",58.2,-0.0508055061905404,0.0896546857997643,"Total ecosystem carbon"
"579",58.3,-0.0497813841530736,0.0896546857997643,"Total ecosystem carbon"
"580",58.4,-0.048757262115607,0.0896546857997643,"Total ecosystem carbon"
"581",58.5,-0.0477331400781404,0.0896546857997643,"Total ecosystem carbon"
"582",58.6,-0.0467090180406737,0.0896546857997643,"Total ecosystem carbon"
"583",58.7,-0.0456848960032071,0.0896546857997643,"Total ecosystem carbon"
"584",58.8,-0.0446607739657404,0.0896546857997643,"Total ecosystem carbon"
"585",58.9,-0.0436366519282737,0.0896546857997643,"Total ecosystem carbon"
"586",59,-0.0426125298908071,0.0896546857997643,"Total ecosystem carbon"
"587",59.1,-0.0415884078533405,0.0896546857997643,"Total ecosystem carbon"
"588",59.2,-0.0405642858158738,0.0896546857997643,"Total ecosystem carbon"
"589",59.3,-0.0395401637784071,0.0896546857997643,"Total ecosystem carbon"
"590",59.4,-0.0385160417409405,0.0896546857997643,"Total ecosystem carbon"
"591",59.5,-0.0374919197034739,0.0896546857997643,"Total ecosystem carbon"
"592",59.6,-0.0364677976660072,0.0896546857997643,"Total ecosystem carbon"
"593",59.7,-0.0354436756285406,0.0896546857997643,"Total ecosystem carbon"
"594",59.8,-0.0344195535910738,0.0896546857997643,"Total ecosystem carbon"
"595",59.9,-0.0333954315536071,0.0896546857997643,"Total ecosystem carbon"
"596",60,-0.0323713095161405,0.0896546857997643,"Total ecosystem carbon"
"597",60.1,-0.0313471874786739,0.0896546857997643,"Total ecosystem carbon"
"598",60.2,-0.0303230654412072,0.0896546857997643,"Total ecosystem carbon"
"599",60.3,-0.0292989434037405,0.0896546857997643,"Total ecosystem carbon"
"600",60.4,-0.0282748213662739,0.0896546857997643,"Total ecosystem carbon"
"601",60.5,-0.0272506993288073,0.0896546857997643,"Total ecosystem carbon"
"602",60.6,-0.0262265772913406,0.0896546857997643,"Total ecosystem carbon"
"603",60.7,-0.0252024552538739,0.0896546857997643,"Total ecosystem carbon"
"604",60.8,-0.0241783332164073,0.0896546857997643,"Total ecosystem carbon"
"605",60.9,-0.0231542111789406,0.0896546857997643,"Total ecosystem carbon"
"606",61,-0.022130089141474,0.0896546857997643,"Total ecosystem carbon"
"607",61.1,-0.0211059671040074,0.0896546857997643,"Total ecosystem carbon"
"608",61.2,-0.0200818450665406,0.0896546857997643,"Total ecosystem carbon"
"609",61.3,-0.0190577230290739,0.0896546857997643,"Total ecosystem carbon"
"610",61.4,-0.0180336009916073,0.0896546857997643,"Total ecosystem carbon"
"611",61.5,-0.0170094789541407,0.0896546857997643,"Total ecosystem carbon"
"612",61.6,-0.015985356916674,0.0896546857997643,"Total ecosystem carbon"
"613",61.7,-0.0149612348792073,0.0896546857997643,"Total ecosystem carbon"
"614",61.8,-0.0139371128417407,0.0896546857997643,"Total ecosystem carbon"
"615",61.9,-0.012912990804274,0.0896546857997643,"Total ecosystem carbon"
"616",62,-0.0118888687668074,0.0896546857997643,"Total ecosystem carbon"
"617",62.1,-0.0108647467293407,0.0896546857997643,"Total ecosystem carbon"
"618",62.2,-0.00984062469187408,0.0896546857997643,"Total ecosystem carbon"
"619",62.3,-0.00881650265440737,0.0896546857997643,"Total ecosystem carbon"
"620",62.4,-0.00779238061694076,0.0896546857997643,"Total ecosystem carbon"
"621",62.5,-0.00676825857947416,0.0896546857997643,"Total ecosystem carbon"
"622",62.6,-0.00574413654200745,0.0896546857997643,"Total ecosystem carbon"
"623",62.7,-0.00472001450454074,0.0896546857997643,"Total ecosystem carbon"
"624",62.8,-0.00369589246707414,0.0896546857997643,"Total ecosystem carbon"
"625",62.9,-0.00267177042960742,0.0896546857997643,"Total ecosystem carbon"
"626",63,-0.00164764839214082,0.0896546857997643,"Total ecosystem carbon"
"627",63.1,-0.000623526354674109,0.0896546857997643,"Total ecosystem carbon"
"628",63.2,0.000400595682792493,0.0896546857997643,"Total ecosystem carbon"
"629",63.3,0.00142471772025921,0.0896546857997643,"Total ecosystem carbon"
"630",63.4,0.00244883975772581,0.0896546857997643,"Total ecosystem carbon"
"631",63.5,0.00347296179519241,0.0896546857997643,"Total ecosystem carbon"
"632",63.6,0.00449708383265912,0.0896546857997643,"Total ecosystem carbon"
"633",63.7,0.00552120587012583,0.0896546857997643,"Total ecosystem carbon"
"634",63.8,0.00654532790759244,0.0896546857997643,"Total ecosystem carbon"
"635",63.9,0.00756944994505915,0.0896546857997643,"Total ecosystem carbon"
"636",64,0.00859357198252575,0.0896546857997643,"Total ecosystem carbon"
"637",64.1,0.00961769401999235,0.0896546857997643,"Total ecosystem carbon"
"638",64.2,0.0106418160574591,0.0896546857997643,"Total ecosystem carbon"
"639",64.3,0.0116659380949259,0.0896546857997643,"Total ecosystem carbon"
"640",64.4,0.0126900601323925,0.0896546857997643,"Total ecosystem carbon"
"641",64.5,0.0137141821698591,0.0896546857997643,"Total ecosystem carbon"
"642",64.6,0.0147383042073258,0.0896546857997643,"Total ecosystem carbon"
"643",64.7,0.0157624262447924,0.0896546857997643,"Total ecosystem carbon"
"644",64.8,0.016786548282259,0.0896546857997643,"Total ecosystem carbon"
"645",64.9,0.0178106703197257,0.0896546857997643,"Total ecosystem carbon"
"646",65,0.0188347923571923,0.0896546857997643,"Total ecosystem carbon"
"647",65.1,0.019858914394659,0.0896546857997643,"Total ecosystem carbon"
"648",65.2,0.0208830364321256,0.0896546857997643,"Total ecosystem carbon"
"649",65.3,0.0219071584695922,0.0896546857997643,"Total ecosystem carbon"
"650",65.4,0.0229312805070591,0.0896546857997643,"Total ecosystem carbon"
"651",65.5,0.0239554025445257,0.0896546857997643,"Total ecosystem carbon"
"652",65.6,0.0249795245819924,0.0896546857997643,"Total ecosystem carbon"
"653",65.7,0.026003646619459,0.0896546857997643,"Total ecosystem carbon"
"654",65.8,0.0270277686569256,0.0896546857997643,"Total ecosystem carbon"
"655",65.9,0.0280518906943923,0.0896546857997643,"Total ecosystem carbon"
"656",66,0.0290760127318589,0.0896546857997643,"Total ecosystem carbon"
"657",66.1,0.0301001347693256,0.0896546857997643,"Total ecosystem carbon"
"658",66.2,0.0311242568067922,0.0896546857997643,"Total ecosystem carbon"
"659",66.3,0.0321483788442588,0.0896546857997643,"Total ecosystem carbon"
"660",66.4,0.0331725008817256,0.0896546857997643,"Total ecosystem carbon"
"661",66.5,0.0341966229191922,0.0896546857997643,"Total ecosystem carbon"
"662",66.6,0.0352207449566589,0.0896546857997643,"Total ecosystem carbon"
"663",66.7,0.0362448669941255,0.0896546857997643,"Total ecosystem carbon"
"664",66.8,0.0372689890315921,0.0896546857997643,"Total ecosystem carbon"
"665",66.9,0.0382931110690589,0.0896546857997643,"Total ecosystem carbon"
"666",67,0.0393172331065255,0.0896546857997643,"Total ecosystem carbon"
"667",67.1,0.0403413551439922,0.0896546857997643,"Total ecosystem carbon"
"668",67.2,0.0413654771814588,0.0896546857997643,"Total ecosystem carbon"
"669",67.3,0.0423895992189254,0.0896546857997643,"Total ecosystem carbon"
"670",67.4,0.0434137212563922,0.0896546857997643,"Total ecosystem carbon"
"671",67.5,0.0444378432938588,0.0896546857997643,"Total ecosystem carbon"
"672",67.6,0.0454619653313255,0.0896546857997643,"Total ecosystem carbon"
"673",67.7,0.0464860873687921,0.0896546857997643,"Total ecosystem carbon"
"674",67.8,0.0475102094062587,0.0896546857997643,"Total ecosystem carbon"
"675",67.9,0.0485343314437254,0.0896546857997643,"Total ecosystem carbon"
"676",68,0.049558453481192,0.0896546857997643,"Total ecosystem carbon"
"677",68.1,0.0505825755186589,0.0896546857997643,"Total ecosystem carbon"
"678",68.2,0.0516066975561255,0.0896546857997643,"Total ecosystem carbon"
"679",68.3,0.0526308195935921,0.0896546857997643,"Total ecosystem carbon"
"680",68.4,0.0536549416310588,0.0896546857997643,"Total ecosystem carbon"
"681",68.5,0.0546790636685254,0.0896546857997643,"Total ecosystem carbon"
"682",68.6,0.0557031857059921,0.0896546857997643,"Total ecosystem carbon"
"683",68.7,0.0567273077434587,0.0896546857997643,"Total ecosystem carbon"
"684",68.8,0.0577514297809253,0.0896546857997643,"Total ecosystem carbon"
"685",68.9,0.058775551818392,0.0896546857997643,"Total ecosystem carbon"
"686",69,0.0597996738558586,0.0896546857997643,"Total ecosystem carbon"
"687",69.1,0.0608237958933254,0.0896546857997643,"Total ecosystem carbon"
"688",69.2,0.061847917930792,0.0896546857997643,"Total ecosystem carbon"
"689",69.3,0.0628720399682586,0.0896546857997643,"Total ecosystem carbon"
"690",69.4,0.0638961620057253,0.0896546857997643,"Total ecosystem carbon"
"691",69.5,0.0649202840431919,0.0896546857997643,"Total ecosystem carbon"
"692",69.6,0.0659444060806587,0.0896546857997643,"Total ecosystem carbon"
"693",69.7,0.0669685281181253,0.0896546857997643,"Total ecosystem carbon"
"694",69.8,0.0679926501555919,0.0896546857997643,"Total ecosystem carbon"
"695",69.9,0.0690167721930586,0.0896546857997643,"Total ecosystem carbon"
"696",70,0.0700408942305252,0.0896546857997643,"Total ecosystem carbon"
"697",70.1,0.071065016267992,0.0896546857997643,"Total ecosystem carbon"
"698",70.2,0.0720891383054586,0.0896546857997643,"Total ecosystem carbon"
"699",70.3,0.0731132603429252,0.0896546857997643,"Total ecosystem carbon"
"700",70.4,0.0741373823803919,0.0896546857997643,"Total ecosystem carbon"
"701",70.5,0.0751615044178585,0.0896546857997643,"Total ecosystem carbon"
"702",70.6,0.0761856264553252,0.0896546857997643,"Total ecosystem carbon"
"703",70.7,0.0772097484927918,0.0896546857997643,"Total ecosystem carbon"
"704",70.8,0.0782338705302584,0.0896546857997643,"Total ecosystem carbon"
"705",70.9,0.0792579925677251,0.0896546857997643,"Total ecosystem carbon"
"706",71,0.0802821146051917,0.0896546857997643,"Total ecosystem carbon"
"707",71.1,0.0813062366426586,0.0896546857997643,"Total ecosystem carbon"
"708",71.2,0.0823303586801252,0.0896546857997643,"Total ecosystem carbon"
"709",71.3,0.0833544807175918,0.0896546857997643,"Total ecosystem carbon"
"710",71.4,0.0843786027550585,0.0896546857997643,"Total ecosystem carbon"
"711",71.5,0.0854027247925251,0.0896546857997643,"Total ecosystem carbon"
"712",71.6,0.0864268468299918,0.0896546857997643,"Total ecosystem carbon"
"713",71.7,0.0874509688674584,0.0896546857997643,"Total ecosystem carbon"
"714",71.8,0.088475090904925,0.0896546857997643,"Total ecosystem carbon"
"715",71.9,0.0894992129423918,0.0896546857997643,"Total ecosystem carbon"
"716",72,0.0905233349798583,0.0896546857997643,"Total ecosystem carbon"
"717",72.1,0.0915474570173251,0.0896546857997643,"Total ecosystem carbon"
"718",72.2,0.0925715790547917,0.0896546857997643,"Total ecosystem carbon"
"719",72.3,0.0935957010922583,0.0896546857997643,"Total ecosystem carbon"
"720",72.4,0.0946198231297251,0.0896546857997643,"Total ecosystem carbon"
"721",72.5,0.0956439451671917,0.0896546857997643,"Total ecosystem carbon"
"722",72.6,0.0966680672046584,0.0896546857997643,"Total ecosystem carbon"
"723",72.7,0.097692189242125,0.0896546857997643,"Total ecosystem carbon"
"724",72.8,0.0987163112795916,0.0896546857997643,"Total ecosystem carbon"
"725",72.9,0.0997404333170584,0.0896546857997643,"Total ecosystem carbon"
"726",73,0.100764555354525,0.0896546857997643,"Total ecosystem carbon"
"727",73.1,0.101788677391992,0.0896546857997643,"Total ecosystem carbon"
"728",73.2,0.102812799429458,0.0896546857997643,"Total ecosystem carbon"
"729",73.3,0.103836921466925,0.0896546857997643,"Total ecosystem carbon"
"730",73.4,0.104861043504392,0.0896546857997643,"Total ecosystem carbon"
"731",73.5,0.105885165541858,0.0896546857997643,"Total ecosystem carbon"
"732",73.6,0.106909287579325,0.0896546857997643,"Total ecosystem carbon"
"733",73.7,0.107933409616792,0.0896546857997643,"Total ecosystem carbon"
"734",73.8,0.108957531654258,0.0896546857997643,"Total ecosystem carbon"
"735",73.9,0.109981653691725,0.0896546857997643,"Total ecosystem carbon"
"736",74,0.111005775729192,0.0896546857997643,"Total ecosystem carbon"
"737",74.1,0.112029897766658,0.0896546857997643,"Total ecosystem carbon"
"738",74.2,0.113054019804125,0.0896546857997643,"Total ecosystem carbon"
"739",74.3,0.114078141841591,0.0896546857997643,"Total ecosystem carbon"
"740",74.4,0.115102263879058,0.0896546857997643,"Total ecosystem carbon"
"741",74.5,0.116126385916525,0.0896546857997643,"Total ecosystem carbon"
"742",74.6,0.117150507953992,0.0896546857997643,"Total ecosystem carbon"
"743",74.7,0.118174629991458,0.0896546857997643,"Total ecosystem carbon"
"744",74.8,0.119198752028925,0.0896546857997643,"Total ecosystem carbon"
"745",74.9,0.120222874066392,0.0896546857997643,"Total ecosystem carbon"
"746",75,0.121246996103858,0.0896546857997643,"Total ecosystem carbon"
"747",75.1,0.122271118141325,0.0896546857997643,"Total ecosystem carbon"
"748",75.2,0.123295240178791,0.0896546857997643,"Total ecosystem carbon"
"749",75.3,0.124319362216258,0.0896546857997643,"Total ecosystem carbon"
"750",75.4,0.125343484253725,0.0896546857997643,"Total ecosystem carbon"
"751",75.5,0.126367606291191,0.0896546857997643,"Total ecosystem carbon"
"752",75.6,0.127391728328658,0.0896546857997643,"Total ecosystem carbon"
"753",75.7,0.128415850366125,0.0896546857997643,"Total ecosystem carbon"
"754",75.8,0.129439972403591,0.0896546857997643,"Total ecosystem carbon"
"755",75.9,0.130464094441058,0.0896546857997643,"Total ecosystem carbon"
"756",76,0.131488216478525,0.0896546857997643,"Total ecosystem carbon"
"757",76.1,0.132512338515991,0.0896546857997643,"Total ecosystem carbon"
"758",76.2,0.133536460553458,0.0896546857997643,"Total ecosystem carbon"
"759",76.3,0.134560582590925,0.0896546857997643,"Total ecosystem carbon"
"760",76.4,0.135584704628391,0.0896546857997643,"Total ecosystem carbon"
"761",76.5,0.136608826665858,0.0896546857997643,"Total ecosystem carbon"
"762",76.6,0.137632948703325,0.0896546857997643,"Total ecosystem carbon"
"763",76.7,0.138657070740791,0.0896546857997643,"Total ecosystem carbon"
"764",76.8,0.139681192778258,0.0896546857997643,"Total ecosystem carbon"
"765",76.9,0.140705314815725,0.0896546857997643,"Total ecosystem carbon"
"766",77,0.141729436853191,0.0896546857997643,"Total ecosystem carbon"
"767",77.1,0.142753558890658,0.0896546857997643,"Total ecosystem carbon"
"768",77.2,0.143777680928125,0.0896546857997643,"Total ecosystem carbon"
"769",77.3,0.144801802965591,0.0896546857997643,"Total ecosystem carbon"
"770",77.4,0.145825925003058,0.0896546857997643,"Total ecosystem carbon"
"771",77.5,0.146850047040525,0.0896546857997643,"Total ecosystem carbon"
"772",77.6,0.147874169077991,0.0896546857997643,"Total ecosystem carbon"
"773",77.7,0.148898291115458,0.0896546857997643,"Total ecosystem carbon"
"774",77.8,0.149922413152925,0.0896546857997643,"Total ecosystem carbon"
"775",77.9,0.150946535190391,0.0896546857997643,"Total ecosystem carbon"
"776",78,0.151970657227858,0.0896546857997643,"Total ecosystem carbon"
"777",78.1,0.152994779265325,0.0896546857997643,"Total ecosystem carbon"
"778",78.2,0.154018901302791,0.0896546857997643,"Total ecosystem carbon"
"779",78.3,0.155043023340258,0.0896546857997643,"Total ecosystem carbon"
"780",78.4,0.156067145377724,0.0896546857997643,"Total ecosystem carbon"
"781",78.5,0.157091267415191,0.0896546857997643,"Total ecosystem carbon"
"782",78.6,0.158115389452658,0.0896546857997643,"Total ecosystem carbon"
"783",78.7,0.159139511490125,0.0896546857997643,"Total ecosystem carbon"
"784",78.8,0.160163633527591,0.0896546857997643,"Total ecosystem carbon"
"785",78.9,0.161187755565058,0.0896546857997643,"Total ecosystem carbon"
"786",79,0.162211877602524,0.0896546857997643,"Total ecosystem carbon"
"787",79.1,0.163235999639991,0.0896546857997643,"Total ecosystem carbon"
"788",79.2,0.164260121677458,0.0896546857997643,"Total ecosystem carbon"
"789",79.3,0.165284243714925,0.0896546857997643,"Total ecosystem carbon"
"790",79.4,0.166308365752391,0.0896546857997643,"Total ecosystem carbon"
"791",79.5,0.167332487789858,0.0896546857997643,"Total ecosystem carbon"
"792",79.6,0.168356609827324,0.0896546857997643,"Total ecosystem carbon"
"793",79.7,0.169380731864791,0.0896546857997643,"Total ecosystem carbon"
"794",79.8,0.170404853902258,0.0896546857997643,"Total ecosystem carbon"
"795",79.9,0.171428975939724,0.0896546857997643,"Total ecosystem carbon"
"796",80,0.172453097977191,0.0896546857997643,"Total ecosystem carbon"
"797",80.1,0.173477220014658,0.0896546857997643,"Total ecosystem carbon"
"798",80.2,0.174501342052124,0.0896546857997643,"Total ecosystem carbon"
"799",80.3,0.175525464089591,0.0896546857997643,"Total ecosystem carbon"
"800",80.4,0.176549586127058,0.0896546857997643,"Total ecosystem carbon"
"801",80.5,0.177573708164524,0.0896546857997643,"Total ecosystem carbon"
"802",80.6,0.178597830201991,0.0896546857997643,"Total ecosystem carbon"
"803",80.7,0.179621952239458,0.0896546857997643,"Total ecosystem carbon"
"804",80.8,0.180646074276924,0.0896546857997643,"Total ecosystem carbon"
"805",80.9,0.181670196314391,0.0896546857997643,"Total ecosystem carbon"
"806",81,0.182694318351858,0.0896546857997643,"Total ecosystem carbon"
"807",81.1,0.183718440389324,0.0896546857997643,"Total ecosystem carbon"
"808",81.2,0.184742562426791,0.0896546857997643,"Total ecosystem carbon"
"809",81.3,0.185766684464258,0.0896546857997643,"Total ecosystem carbon"
"810",81.4,0.186790806501724,0.0896546857997643,"Total ecosystem carbon"
"811",81.5,0.187814928539191,0.0896546857997643,"Total ecosystem carbon"
"812",81.6,0.188839050576658,0.0896546857997643,"Total ecosystem carbon"
"813",81.7,0.189863172614124,0.0896546857997643,"Total ecosystem carbon"
"814",81.8,0.190887294651591,0.0896546857997643,"Total ecosystem carbon"
"815",81.9,0.191911416689058,0.0896546857997643,"Total ecosystem carbon"
"816",82,0.192935538726524,0.0896546857997643,"Total ecosystem carbon"
