"Site","Change","Change2","Change3","Age","Type","Disturbance","Ran","Sec","Ref","Height","WG","LG"
"Álvarez-Yépiz et al 2008a",-1.01459343261493,-0.63080404998581,0.532163742690059,25,"Dry","Arable agriculture","51.3",27.3,51.3,"Yes","Yes","General"
"Álvarez-Yépiz et al 2008b",-1.4496302362917,-0.967276286607023,0.380116959064328,25,"Dry","Arable agriculture","51.3",19.5,51.3,"Yes","Yes","General"
"Álvarez-Yépiz et al 2008c",-1.39362040121196,-0.922155851326553,0.39766081871345,25,"Dry","Arable agriculture","51.3",20.4,51.3,"Yes","Yes","General"
"Read et al 2003a",-2.34239047075566,-1.74099956675501,0.17534504391468,2,"Dry","Shifting agriculture","127.52",22.36,127.52,"Yes","Yes","General"
"Read et al 2003b",-3.13811587890869,-2.48741921392388,0.0831242158092848,3,"Dry","Shifting agriculture","127.52",10.6,127.52,"Yes","Yes","General"
"Read et al 2003c",-2.68420998585418,-2.05710810722919,0.127823086574655,4,"Dry","Shifting agriculture","127.52",16.3,127.52,"Yes","Yes","General"
"Read et al 2003d",-2.60936285292027,-1.98721584481452,0.137076537013802,5,"Dry","Shifting agriculture","127.52",17.48,127.52,"Yes","Yes","General"
"Read et al 2003e",-2.05069553252749,-1.47856650047112,0.227964240903388,8,"Dry","Shifting agriculture","127.52",29.07,127.52,"Yes","Yes","General"
"Read et al 2003f",-2.43561099986951,-1.82638598401106,0.160994353826851,8,"Dry","Shifting agriculture","127.52",20.53,127.52,"Yes","Yes","General"
"Read et al 2003g",-1.69176224473026,-1.16767798051567,0.311088456712673,10,"Dry","Shifting agriculture","127.52",39.67,127.52,"Yes","Yes","General"
"Read et al 2003h",-1.52559813083231,-1.02924307646292,0.357277289836888,12,"Dry","Shifting agriculture","127.52",45.56,127.52,"Yes","Yes","General"
"Read et al 2003i",-1.29815221375568,-0.84640950561397,0.428952321204517,12,"Dry","Shifting agriculture","127.52",54.7,127.52,"Yes","Yes","General"
"Read et al 2003j",-1.15762144803704,-0.737727273481796,0.478199498117942,12,"Dry","Shifting agriculture","127.52",60.98,127.52,"Yes","Yes","General"
"Read et al 2003k",-2.75162898656637,-2.12035158956048,0.119989434061943,3,"Dry","Shifting agriculture","151.43",18.17,151.43,"Yes","Yes","General"
"Read et al 2003l",-2.05333423841013,-1.48090479240903,0.227431816680975,5,"Dry","Shifting agriculture","151.43",34.44,151.43,"Yes","Yes","General"
"Read et al 2003m",-1.31580623733743,-0.860303327787553,0.42303374496467,5,"Dry","Shifting agriculture","151.43",64.06,151.43,"Yes","Yes","General"
"Read et al 2003n",-2.6102683095386,-1.98805926916718,0.136960972066301,6,"Dry","Shifting agriculture","151.43",20.74,151.43,"Yes","Yes","General"
"Read et al 2003o",-2.41392288400532,-1.80646121415325,0.164234299676418,8,"Dry","Shifting agriculture","151.43",24.87,151.43,"Yes","Yes","General"
"Read et al 2003p",-1.62033395215462,-1.10770054651909,0.330317638512844,16,"Dry","Shifting agriculture","151.43",50.02,151.43,"Yes","Yes","General"
"Read et al 2003q",-1.61102364121039,-1.09993390387403,0.332893085914284,18,"Dry","Shifting agriculture","151.43",50.41,151.43,"Yes","Yes","General"
"Read et al 2003r",-0.743853544512658,-0.439553402848706,0.644324110149904,24,"Dry","Shifting agriculture","151.43",97.57,151.43,"Yes","Yes","General"
"Read et al 2003s",-0.795285951457506,-0.474703290386247,0.622069603116952,25,"Dry","Shifting agriculture","151.43",94.2,151.43,"Yes","Yes","General"
"Read et al 2003t",-1.38860726484385,-0.918141482617252,0.399260384335997,25,"Dry","Shifting agriculture","151.43",60.46,151.43,"Yes","Yes","General"
"Read et al 2003u",-2.97662875352715,-2.33318975181268,0.0969858922466302,4,"Dry","Shifting agriculture","127.235",12.34,127.235,"Yes","Yes","General"
"Read et al 2003v",-1.95343152123896,-1.39287864969705,0.248359335088616,5,"Dry","Shifting agriculture","127.235",31.6,127.235,"Yes","Yes","General"
"Read et al 2003w",-2.20937838071663,-1.62038296114269,0.19782292608166,5,"Dry","Shifting agriculture","127.235",25.17,127.235,"Yes","Yes","General"
"Read et al 2003x",-3.01563384217804,-2.37033805958723,0.0934491295634063,7,"Dry","Shifting agriculture","127.235",11.89,127.235,"Yes","Yes","General"
"Read et al 2003y",-1.12111238161852,-0.710069533376998,0.49161001296813,8,"Dry","Shifting agriculture","127.235",62.55,127.235,"Yes","Yes","General"
"Read et al 2003z",-2.43901995500956,-1.8295209575534,0.160490431092074,9,"Dry","Shifting agriculture","127.235",20.42,127.235,"Yes","Yes","General"
"Read et al 2003aa",-1.79699580474238,-1.25725293271427,0.2844343144575,15,"Dry","Shifting agriculture","127.235",36.19,127.235,"Yes","Yes","General"
"Read et al 2003ab",-2.10696785511457,-1.52858238206072,0.216842849844775,18,"Dry","Shifting agriculture","127.235",27.59,127.235,"Yes","Yes","General"
"Becknell 2012A",-2.23775617564157,-1.64598948301119,0.192821674597819,5,"Dry","Pasture","282.9090667",54.551,282.9090667,"No","Yes","General"
"Becknell 2012B",-4.04050779794871,-3.36479626788235,0.0345690582280656,5,"Dry","Pasture","282.9090667",9.7799,282.9090667,"No","Yes","General"
"Becknell 2012C",-2.84446048627025,-2.20785018590663,0.109936738199278,5,"Dry","Pasture","282.9090667",31.1021,282.9090667,"No","Yes","General"
"Becknell 2012D",-2.06295018332075,-1.48943189947954,0.225500726237418,5,"Dry","Pasture","282.9090667",63.7962,282.9090667,"No","Yes","General"
"Becknell 2012E",-1.57300508887945,-1.06834452744861,0.343576828886411,5,"Dry","Pasture","282.9090667",97.201,282.9090667,"No","Yes","General"
"Becknell 2012F",-1.32018392503332,-0.863756657402173,0.421575389545478,5.5,"Dry","Pasture","282.9090667",119.2675,282.9090667,"No","Yes","General"
"Becknell 2012G",-1.75005029423994,-1.2171198183563,0.296081709140925,6.5,"Dry","Pasture","282.9090667",83.7642,282.9090667,"No","Yes","General"
"Becknell 2012H",-1.66303040109319,-1.14346978386121,0.318711241925708,6.5,"Dry","Pasture","282.9090667",90.1663,282.9090667,"No","Yes","General"
"Becknell 2012I",-1.76947411059019,-1.23369180054909,0.291215481218086,7.5,"Dry","Pasture","282.9090667",82.3875,282.9090667,"No","Yes","General"
"Becknell 2012J",-1.3807576808339,-0.91186384274751,0.401774680910218,7.5,"Dry","Pasture","282.9090667",113.6657,282.9090667,"No","Yes","General"
"Becknell 2012K",-4.0202919089078,-3.34493329454269,0.0352625672848399,10,"Dry","Pasture","282.9090667",9.9761,282.9090667,"No","Yes","General"
"Becknell 2012L",-1.47652741191814,-0.989116799936935,0.371905012544442,10,"Dry","Pasture","282.9090667",105.2153,282.9090667,"No","Yes","General"
"Becknell 2012M",-0.955853315172094,-0.588033582840703,0.5554183958573,10,"Dry","Pasture","282.9090667",157.1329,282.9090667,"No","Yes","General"
"Becknell 2012N",-2.21859736317303,-1.6286938587102,0.196185653034781,11,"Dry","Pasture","282.9090667",55.5027,282.9090667,"No","Yes","General"
"Becknell 2012O",-1.5091374328616,-1.01574284358634,0.362133321476897,12,"Dry","Pasture","282.9090667",102.4508,282.9090667,"No","Yes","General"
"Becknell 2012P",-1.10450114028722,-0.697567067198475,0.497794933342799,12,"Dry","Pasture","282.9090667",140.8307,282.9090667,"No","Yes","General"
"Becknell 2012Q",-1.01897505578159,-0.634021675954926,0.530454190636231,12,"Dry","Pasture","282.9090667",150.0703,282.9090667,"No","Yes","General"
"Becknell 2012R",-1.66924027968963,-1.14869266270642,0.317050991140964,13,"Dry","Pasture","282.9090667",89.6966,282.9090667,"No","Yes","General"
"Becknell 2012S",-1.50015843197322,-1.0083956292321,0.364803790857085,13,"Dry","Pasture","282.9090667",103.2063,282.9090667,"No","Yes","General"
"Becknell 2012T",-1.08334339020737,-0.681717419087699,0.505747665385798,15,"Dry","Pasture","282.9090667",143.0806,282.9090667,"No","Yes","General"
"Becknell 2012U",-1.85910158459052,-1.31075800879906,0.269615607904446,15,"Dry","Pasture","282.9090667",76.2767,282.9090667,"No","Yes","General"
"Becknell 2012V",-1.76541977460157,-1.23022883071478,0.29222569981353,15,"Dry","Pasture","282.9090667",82.6733,282.9090667,"No","Yes","General"
"Becknell 2012W",-1.17166532309072,-0.748431158853112,0.473108202438533,15,"Dry","Pasture","282.9090667",133.8466,282.9090667,"No","Yes","General"
"Becknell 2012X",-1.08329100511612,-0.681678281074479,0.505767459731965,15,"Dry","Pasture","282.9090667",143.0862,282.9090667,"No","Yes","General"
"Becknell 2012Y",-0.442326923725237,-0.245423287125737,0.782373299597047,17,"Dry","Pasture","282.9090667",221.3405,282.9090667,"No","Yes","General"
"Becknell 2012Z",-1.39249967130487,-0.921258056669442,0.398017996784124,17,"Dry","Pasture","282.9090667",112.6029,282.9090667,"No","Yes","General"
"Becknell 2012AA",-1.60226702925684,-1.09264012932205,0.335330009414647,18,"Dry","Pasture","282.9090667",94.8679,282.9090667,"No","Yes","General"
"Becknell 2012AB",-0.698171736509499,-0.408817615635677,0.664435403900755,18,"Dry","Pasture","282.9090667",187.9748,282.9090667,"No","Yes","General"
"Becknell 2012AC",-1.04856254466041,-0.655846666660235,0.519002454437774,19,"Dry","Pasture","282.9090667",146.8305,282.9090667,"No","Yes","General"
"Becknell 2012AD",-1.43868156588392,-0.958417751159527,0.383499197341207,21,"Dry","Pasture","282.9090667",108.4954,282.9090667,"No","Yes","General"
"Becknell 2012AE",-0.830474694619638,-0.499079191188046,0.607089415703056,21,"Dry","Pasture","282.9090667",171.7511,282.9090667,"No","Yes","General"
"Becknell 2012AF",-0.783370722662312,-0.466509347012179,0.627187746471753,21,"Dry","Pasture","282.9090667",177.4371,282.9090667,"No","Yes","General"
"Becknell 2012AG",-0.871795692215934,-0.528036914500254,0.589761586456784,23,"Dry","Pasture","282.9090667",166.8489,282.9090667,"No","Yes","General"
"Becknell 2012AH",-0.759489124498949,-0.450178435658442,0.637514386172905,23,"Dry","Pasture","282.9090667",180.3586,282.9090667,"No","Yes","General"
"Becknell 2012AI",-0.629393371370105,-0.36341733218728,0.695296203456741,23,"Dry","Pasture","282.9090667",196.7056,282.9090667,"No","Yes","General"
"Becknell 2012AJ",-1.67242217063435,-1.15137081759824,0.316203015489995,25,"Dry","Pasture","282.9090667",89.4567,282.9090667,"No","Yes","General"
"Becknell 2012AK",-1.07967690101848,-0.678979359736908,0.507134330028879,25,"Dry","Pasture","282.9090667",143.4729,282.9090667,"No","Yes","General"
"Becknell 2012AL",-1.44501037473862,-0.963536113224761,0.381541324423025,25,"Dry","Pasture","282.9090667",107.9415,282.9090667,"No","Yes","General"
"Becknell 2012AM",-0.950921084488297,-0.584473519593883,0.557399244355854,25,"Dry","Pasture","282.9090667",157.6933,282.9090667,"No","Yes","General"
"Becknell 2012AN",-0.865049290226374,-0.523284633009872,0.592570969730607,25,"Dry","Pasture","282.9090667",167.6437,282.9090667,"No","Yes","General"
"Becknell 2012AO",-0.519756293675576,-0.293273080671826,0.745818444283886,25,"Dry","Pasture","282.9090667",210.9988,282.9090667,"No","Yes","General"
"Becknell 2012AP",-0.482329692081648,-0.269967496859228,0.763404306971262,25,"Dry","Pasture","282.9090667",215.974,282.9090667,"No","Yes","General"
"Becknell 2012AQ",-0.397970149691129,-0.218653320546485,0.803600261567722,25,"Dry","Pasture","282.9090667",227.3458,282.9090667,"No","Yes","General"
"Becknell 2012AR",-0.320137544731743,-0.172825441924265,0.841284455023795,25,"Dry","Pasture","282.9090667",238.007,282.9090667,"No","Yes","General"
"Becknell 2012AS",-1.02069429653375,-0.635285215413271,0.529784364100764,25,"Dry","Pasture","282.9090667",149.8808,282.9090667,"No","Yes","General"
"Becknell 2012AT",-1.03189570112716,-0.643531650205205,0.525433496119197,30,"Dry","Pasture","282.9090667",148.6499,282.9090667,"No","Yes","General"
"Becknell 2012AU",-0.815681018825908,-0.488799235426206,0.613362456085611,30,"Dry","Pasture","282.9090667",173.5258,282.9090667,"No","Yes","General"
"Becknell 2012AV",-0.211312417361483,-0.111227471890006,0.894735198672231,30,"Dry","Pasture","282.9090667",253.1287,282.9090667,"No","Yes","General"
"Becknell 2012AW",0.989292638437605,0.376994550892096,1.45789636511498,33,"Dry","Pasture","282.9090667",412.4521,282.9090667,"No","Yes","General"
"Becknell 2012AX",-1.27092559962588,-0.825085119431429,0.438197691739089,35,"Dry","Pasture","282.9090667",123.9701,282.9090667,"No","Yes","General"
"Becknell 2012AY",-0.447596548731187,-0.248634810634074,0.779864719690866,35,"Dry","Pasture","282.9090667",220.6308,282.9090667,"No","Yes","General"
"Becknell 2012AZ",-0.410779966986659,-0.226335855163725,0.797450228907775,35,"Dry","Pasture","282.9090667",225.6059,282.9090667,"No","Yes","General"
"Becknell 2012BA",-1.04305422903187,-0.651770683491118,0.521122216829964,35,"Dry","Pasture","282.9090667",147.4302,282.9090667,"No","Yes","General"
"Becknell 2012BB",-0.670249825269211,-0.390258606253838,0.676881805994096,35,"Dry","Pasture","282.9090667",191.496,282.9090667,"No","Yes","General"
"Becknell 2012BC",-0.348242879539323,-0.189204591498259,0.82761716593652,35,"Dry","Pasture","282.9090667",234.1404,282.9090667,"No","Yes","General"
"Becknell 2012BD",1.16926595615241,0.422666064086108,1.52602461644613,35,"Dry","Pasture","282.9090667",431.7262,282.9090667,"No","Yes","General"
"Becknell 2012BE",-0.462839345155319,-0.257961551791777,0.772624937580341,37,"Dry","Pasture","282.9090667",218.5826,282.9090667,"No","Yes","General"
"Becknell 2012BF",0.368354456570192,0.167311631651108,1.18212259472984,37,"Dry","Pasture","282.9090667",334.4332,282.9090667,"No","Yes","General"
"Becknell 2012BG",-1.0089864432137,-0.626692051174609,0.534356504594838,40,"Dry","Pasture","282.9090667",151.1743,282.9090667,"No","Yes","General"
"Becknell 2012BH",-0.691258475249178,-0.404206367673875,0.667506355320354,40,"Dry","Pasture","282.9090667",188.8436,282.9090667,"No","Yes","General"
"Becknell 2012BI",-0.6630994158573,-0.385533916044842,0.680087429661723,40,"Dry","Pasture","282.9090667",192.4029,282.9090667,"No","Yes","General"
"Becknell 2012BJ",-0.477883046134813,-0.267220479292175,0.765504275017284,40,"Dry","Pasture","282.9090667",216.5681,282.9090667,"No","Yes","General"
"Becknell 2012BK",0.113974879372528,0.0553645336765252,1.05692582951779,40,"Dry","Pasture","282.9090667",299.0139,282.9090667,"No","Yes","General"
"Becknell 2012BL",0.36022079290592,0.163977462586078,1.17818776148824,45,"Dry","Pasture","282.9090667",333.32,282.9090667,"No","Yes","General"
"Becknell 2012BM",-0.695306779485813,-0.406905358808498,0.665707190641975,45,"Dry","Pasture","282.9090667",188.3346,282.9090667,"No","Yes","General"
"Becknell 2012BN",-0.397385616788385,-0.21830369410448,0.803881270589197,45,"Dry","Pasture","282.9090667",227.4253,282.9090667,"No","Yes","General"
"Becknell 2012BO",-0.856749553977503,-0.517451177563782,0.596037808073544,50,"Dry","Pasture","282.9090667",168.6245,282.9090667,"No","Yes","General"
"Becknell 2012BP",-0.571783887862371,-0.32621417961981,0.721650608025565,50,"Dry","Pasture","282.9090667",204.1615,282.9090667,"No","Yes","General"
"Becknell 2012BQ",-0.710755149658215,-0.417238135434257,0.658864002395721,50,"Dry","Pasture","282.9090667",186.3986,282.9090667,"No","Yes","General"
"Becknell 2012BR",0.847296232908711,0.336471748377387,1.39999931645881,50,"Dry","Pasture","282.9090667",396.0725,282.9090667,"No","Yes","General"
"Becknell 2012BS",-1.08662015501584,-0.684166589553757,0.50451051875037,60,"Dry","Pasture","282.9090667",142.7306,282.9090667,"No","Yes","General"
"Becknell 2012BT",-0.346234499410299,-0.18802778557702,0.82859168401477,60,"Dry","Pasture","282.9090667",234.4161,282.9090667,"No","Yes","General"
"Becknell 2012BU",-1.17509359232405,-0.751049517576737,0.471871055803105,60,"Dry","Pasture","282.9090667",133.4966,282.9090667,"No","Yes","General"
"Becknell 2012BV",-0.525370391291124,-0.296797312976053,0.743194633005376,60,"Dry","Pasture","282.9090667",210.2565,282.9090667,"No","Yes","General"
"Becknell 2012BW",-0.375943919027314,-0.205535620401581,0.814211091524555,65,"Dry","Pasture","282.9090667",230.3477,282.9090667,"No","Yes","General"
"Becknell 2012BX",0.0806726934136815,0.0395230567780906,1.04031448490866,65,"Dry","Pasture","282.9090667",294.3144,282.9090667,"No","Yes","General"
"Becknell 2012BY",-0.22679494795942,-0.119813235136717,0.887086097760613,65,"Dry","Pasture","282.9090667",250.9647,282.9090667,"No","Yes","General"
"Becknell 2012BZ",-0.220302546209734,-0.116205696049782,0.890292074898708,70,"Dry","Pasture","282.9090667",251.8717,282.9090667,"No","Yes","General"
"Becknell 2012CA",0.0267871221229176,0.0133038700040329,1.01339276023988,70,"Dry","Pasture","282.9090667",286.698,282.9090667,"No","Yes","General"
"Becknell 2012CB",0.228758392387044,0.107852109240288,1.11388300020149,70,"Dry","Pasture","282.9090667",315.1276,282.9090667,"No","Yes","General"
"Kotto-Same et al 1997b",-1.88005049668349,-1.32890830677281,0.264766146993319,10,"Moist","Shifting agriculture","449",118.88,449,"Yes","Yes","Local"
"Kotto-Same et al 1997c",-0.691110009851906,-0.404107455525405,0.667572383073497,17.4,"Moist","Shifting agriculture","449",299.74,449,"Yes","Yes","Local"
"Kotto-Same et al 1997e",-1.94146569729489,-1.38240654728088,0.250973845297718,10,"Moist","Shifting agriculture","467.22",117.26,467.22,"Yes","Yes","Local"
"Kotto-Same et al 1997f",-1.17075070001767,-0.747732969168769,0.473438637044647,17.4,"Moist","Shifting agriculture","467.22",221.2,467.22,"Yes","Yes","Local"
"Kotto-Same et al 1997h",-1.68537597688834,-1.16228774222843,0.312769825039764,10,"Moist","Shifting agriculture","528.12",165.18,528.12,"Yes","Yes","Local"
"Kotto-Same et al 1997i",-1.32099450154861,-0.864396429004706,0.421305763841551,17.4,"Moist","Shifting agriculture","528.12",222.5,528.12,"Yes","Yes","Local"
"Eaton et al 2009a",-2.38094614455357,-1.77623379236825,0.169274471057446,2,"Dry","Arable agriculture","62.97872286",10.66069,62.97872286,"Yes","Yes","General"
"Eaton et al 2009b",-2.62466836840231,-2.00147979156825,0.135135163329986,3,"Dry","Arable agriculture","62.97872286",8.51064,62.97872286,"Yes","Yes","General"
"Eaton et al 2009c",-3.12809857489007,-2.47782025494135,0.0839259635631169,3,"Dry","Arable agriculture","62.97872286",5.28555,62.97872286,"Yes","Yes","General"
"Eaton et al 2009d",-2.96407722915939,-2.32125053618022,0.0981507677401002,4,"Dry","Arable agriculture","62.97872286",6.18141,62.97872286,"Yes","Yes","General"
"Eaton et al 2009e",-2.69447589855771,-2.06672105276262,0.126600217310282,4,"Dry","Arable agriculture","62.97872286",7.97312,62.97872286,"Yes","Yes","General"
"Eaton et al 2009f",-2.69447589855771,-2.06672105276262,0.126600217310282,5,"Dry","Arable agriculture","62.97872286",7.97312,62.97872286,"Yes","Yes","General"
"Eaton et al 2009k",-2.47646102916814,-1.86400875782039,0.155049825664248,6,"Dry","Arable agriculture","62.97872286",9.76484,62.97872286,"Yes","Yes","General"
"Eaton et al 2009l",-3.05952590023997,-2.4122216210631,0.0896159805041813,7,"Dry","Arable agriculture","62.97872286",5.6439,62.97872286,"Yes","Yes","General"
"Eaton et al 2009m",-2.14764068736617,-1.56492452002952,0.209103795725971,8,"Dry","Arable agriculture","62.97872286",13.16909,62.97872286,"Yes","Yes","General"
"Eaton et al 2009n",-2.32708238717953,-1.72704299286648,0.17780941707715,8,"Dry","Arable agriculture","62.97872286",11.19821,62.97872286,"Yes","Yes","General"
"Eaton et al 2009o",-2.49652075432137,-1.8825276620247,0.152204896585609,8,"Dry","Arable agriculture","62.97872286",9.58567,62.97872286,"Yes","Yes","General"
"Eaton et al 2009p",-1.20983792210496,-0.777704567299058,0.45945946005168,8,"Dry","Arable agriculture","62.97872286",28.93617,62.97872286,"Yes","Yes","General"
"Eaton et al 2009q",-2.49652075432137,-1.8825276620247,0.152204896585609,9,"Dry","Arable agriculture","62.97872286",9.58567,62.97872286,"Yes","Yes","General"
"Eaton et al 2009r",-1.76789993418931,-1.23234699061573,0.291607374141661,10,"Dry","Arable agriculture","62.97872286",18.36506,62.97872286,"Yes","Yes","General"
"Eaton et al 2009s",-1.25047844937062,-0.809153819226072,0.445234655874697,12,"Dry","Arable agriculture","62.97872286",28.04031,62.97872286,"Yes","Yes","General"
"Eaton et al 2009t",-1.37831222213116,-0.90991012598491,0.402560402127532,12,"Dry","Arable agriculture","62.97872286",25.35274,62.97872286,"Yes","Yes","General"
"Eaton et al 2009u",-1.60602792912863,-1.09577144402462,0.334281627888826,12,"Dry","Arable agriculture","62.97872286",21.05263,62.97872286,"Yes","Yes","General"
"Eaton et al 2009v",-1.86239713136315,-1.31360992300331,0.268847782728759,15,"Dry","Arable agriculture","62.97872286",16.93169,62.97872286,"Yes","Yes","General"
"Eaton et al 2009w",-1.49757098240105,-1.00628063484944,0.365576165321432,16,"Dry","Arable agriculture","62.97872286",23.02352,62.97872286,"Yes","Yes","General"
"Eaton et al 2009x",-1.48807691645817,-0.998528716739511,0.368421094400071,18,"Dry","Arable agriculture","62.97872286",23.20269,62.97872286,"Yes","Yes","General"
"Eaton et al 2009y",-2.17840050679765,-1.59251227476201,0.203413937568692,18,"Dry","Arable agriculture","62.97872286",12.81075,62.97872286,"Yes","Yes","General"
"Eaton et al 2009z",-0.60375492089012,-0.346766770553034,0.706970195298749,24,"Dry","Arable agriculture","62.97872286",44.52408,62.97872286,"Yes","Yes","General"
"Eaton et al 2009aa",-0.647612455725639,-0.375340156017239,0.687055532964487,25,"Dry","Arable agriculture","62.97872286",43.26988,62.97872286,"Yes","Yes","General"
"Eaton et al 2009ab",-1.27530817492423,-0.828509119294931,0.436699868638778,25,"Dry","Arable agriculture","62.97872286",27.5028,62.97872286,"Yes","Yes","General"
"Uhl & Buschbacher 1988a",-2.98702097070687,-2.34308050357933,0.096031357177854,3.5,"Wet","Pasture","306.15",29.4,306.15,"Yes","No","Local"
"Uhl & Buschbacher 1988b",-2.3481598203095,-1.74626443195781,0.174424301812837,4.5,"Wet","Pasture","306.15",53.4,306.15,"Yes","No","Local"
"Uhl & Buschbacher 1988c",-1.81017195717251,-1.26856576649028,0.281234688878001,8,"Wet","Pasture","306.15",86.1,306.15,"Yes","No","Local"
"Uhl & Buschbacher 1988d",-1.77283384757619,-1.2365630354041,0.290380532418749,8,"Wet","Pasture","306.15",88.9,306.15,"Yes","No","Local"
"Uhl & Buschbacher 1988e",-4.64984681083173,-3.96621726037159,0.0189449616201209,1,"Wet","Pasture","306.15",5.8,306.15,"Yes","No","Local"
"Uhl & Buschbacher 1988f",-4.28731868313226,-3.60781966312141,0.0271108933529316,3.5,"Wet","Pasture","306.15",8.3,306.15,"Yes","No","Local"
"Uhl & Buschbacher 1988g",-3.56802250238614,-2.90269629151475,0.054875061244488,3.5,"Wet","Pasture","306.15",16.8,306.15,"Yes","No","Local"
"Uhl & Buschbacher 1988h",-3.55585213610313,-2.89086183386775,0.0555283357831129,4,"Wet","Pasture","306.15",17,306.15,"Yes","No","Local"
"Uhl & Buschbacher 1988i",-2.74397373122502,-2.11315726527974,0.120855789645599,7.5,"Wet","Pasture","306.15",37,306.15,"Yes","No","Local"
"Uhl & Buschbacher 1988j",-2.87173714738971,-2.23364666253387,0.107137024334477,8,"Wet","Pasture","306.15",32.8,306.15,"Yes","No","Local"
"Uhl & Buschbacher 1988k",-4.37658421998688,-3.69592693063168,0.0248244324677446,2.5,"Wet","Pasture","306.15",7.6,306.15,"Yes","No","Local"
"Uhl & Buschbacher 1988l",-3.65074202496435,-2.98323515399876,0.0506287767434264,2.5,"Wet","Pasture","306.15",15.5,306.15,"Yes","No","Local"
"Uhl & Buschbacher 1988m",-4.86195426200561,-4.17651266920795,0.0153519516576841,8,"Wet","Pasture","306.15",4.7,306.15,"Yes","No","Local"
"Cifuentes Jara 2008a",-3.19364208228684,-2.54069800941642,0.0788113695090439,9,"Dry","Pasture","154.8",12.2,154.8,"Yes","Yes","General"
"Cifuentes Jara 2008b",-1.82996121145372,-1.28559585856788,0.276485788113695,10,"Dry","Pasture","154.8",42.8,154.8,"Yes","Yes","General"
"Cifuentes Jara 2008c",-2.12267753857937,-1.54260067877261,0.213824289405685,10,"Dry","Pasture","154.8",33.1,154.8,"Yes","Yes","General"
"Cifuentes Jara 2008d",-1.61409630595142,-1.10249578869451,0.332041343669251,14,"Dry","Pasture","154.8",51.4,154.8,"Yes","Yes","General"
"Cifuentes Jara 2008f",-1.28291600666606,-0.834460713626523,0.434108527131783,16,"Dry","Pasture","154.8",67.2,154.8,"Yes","Yes","General"
"Cifuentes Jara 2008g",-2.59525470695687,-1.97408102602201,0.138888888888889,17,"Dry","Pasture","154.8",21.5,154.8,"Yes","Yes","General"
"Cifuentes Jara 2008h",-0.906138360410137,-0.552374626678863,0.575581395348837,22,"Dry","Pasture","154.8",89.1,154.8,"Yes","Yes","General"
"Cifuentes Jara 2008i",-0.384513495622386,-0.210625332956806,0.810077519379845,26,"Dry","Pasture","154.8",125.4,154.8,"Yes","Yes","General"
"Cifuentes Jara 2008j",-0.0400570349071101,-0.02022907480114,0.979974160206718,27,"Dry","Pasture","154.8",151.7,154.8,"Yes","Yes","General"
"Cifuentes Jara 2008k",0.0503982617585597,0.0248816663767366,1.02519379844961,82,"Dry","Pasture","154.8",158.7,154.8,"Yes","Yes","General"
"Cifuentes Jara 2008l",-2.7532955193051,-2.12191821741515,0.119801602441816,0.42,"Moist","Pasture","262.1",31.4,262.1,"Yes","Yes","General"
"Cifuentes Jara 2008m",-2.73648227697336,-2.10612010053856,0.121709271270507,7,"Moist","Pasture","262.1",31.9,262.1,"Yes","Yes","General"
"Cifuentes Jara 2008n",-1.86839464406336,-1.31880331628882,0.267455169782526,7,"Moist","Pasture","262.1",70.1,262.1,"Yes","Yes","General"
"Cifuentes Jara 2008o",-1.86674888700958,-1.31737779929759,0.267836703548264,9,"Moist","Pasture","262.1",70.2,262.1,"Yes","Yes","General"
"Cifuentes Jara 2008p",-1.49142120461869,-1.00125779152528,0.367417016405952,13,"Moist","Pasture","262.1",96.3,262.1,"Yes","Yes","General"
"Cifuentes Jara 2008q",-1.24823114617634,-0.807407241851338,0.446012972148035,16,"Moist","Pasture","262.1",116.9,262.1,"Yes","Yes","General"
"Cifuentes Jara 2008r",-1.68938646258203,-1.1656721084634,0.311713086608165,20,"Moist","Pasture","262.1",81.7,262.1,"Yes","Yes","General"
"Cifuentes Jara 2008s",-1.32701948767378,-0.869155248919784,0.419305608546356,28,"Moist","Pasture","262.1",109.9,262.1,"Yes","Yes","General"
"Cifuentes Jara 2008t",-1.72016090867976,-1.19171201747902,0.303700877527661,30,"Moist","Pasture","262.1",79.6,262.1,"Yes","Yes","General"
"Cifuentes Jara 2008u",-1.57101510703183,-1.06669668326078,0.344143456695918,40,"Moist","Pasture","262.1",90.2,262.1,"Yes","Yes","General"
"Cifuentes Jara 2008v",-3.16168427046254,-2.51001903761398,0.081266692102251,2,"Wet","Pasture","262.1",21.3,262.1,"Yes","Yes","General"
"Cifuentes Jara 2008w",-2.73982510452417,-2.10925982054323,0.121327737504769,6,"Wet","Pasture","262.1",31.8,262.1,"Yes","Yes","General"
"Cifuentes Jara 2008x",-2.74654036509357,-2.11556898973649,0.120564669973293,10,"Wet","Pasture","262.1",31.6,262.1,"Yes","Yes","General"
"Cifuentes Jara 2008y",-1.33857112069779,-0.878296080390446,0.415490270888974,15,"Wet","Pasture","262.1",108.9,262.1,"Yes","Yes","General"
"Cifuentes Jara 2008z",-1.73654745516415,-1.205627485541,0.29950400610454,22,"Wet","Pasture","262.1",78.5,262.1,"Yes","Yes","General"
"Cifuentes Jara 2008aa",-3.12132246711998,-2.47132941772285,0.0844724851033999,3,"Wet","Pasture","285.3",24.1,285.3,"Yes","Yes","General"
"Cifuentes Jara 2008ab",-2.52487721811804,-1.90875417216722,0.148264984227129,6,"Wet","Pasture","285.3",42.3,285.3,"Yes","Yes","General"
"Cifuentes Jara 2008ac",-1.65948042492,-1.14048636113917,0.319663512092534,10,"Wet","Pasture","285.3",91.2,285.3,"Yes","Yes","General"
"Cifuentes Jara 2008ad",-1.67127344824784,-1.15040379779651,0.316508937960042,15,"Wet","Pasture","285.3",90.3,285.3,"Yes","Yes","General"
"Cifuentes Jara 2008ae",-1.1075116448262,-0.69982911152282,0.496670171749036,21,"Wet","Pasture","285.3",141.7,285.3,"Yes","Yes","General"
"Cifuentes Jara 2008af",-0.992507394831815,-0.61464249885034,0.540834209603926,26,"Wet","Pasture","285.3",154.3,285.3,"Yes","Yes","General"
"Cifuentes Jara 2008ag",-0.613728030928687,-0.353225889008745,0.702418506834911,27,"Wet","Pasture","285.3",200.4,285.3,"Yes","Yes","General"
"Cifuentes Jara 2008ah",-0.98010644849887,-0.605610179379502,0.545741324921136,32,"Wet","Pasture","285.3",155.7,285.3,"Yes","Yes","General"
"Cifuentes Jara 2008ai",-3.88610338338623,-3.21327356931953,0.0402247191011236,0.7,"Wet","Pasture","445",17.9,445,"Yes","Yes","General"
"Cifuentes Jara 2008aj",-3.87476280016199,-3.20216234389446,0.0406741573033708,1,"Wet","Pasture","445",18.1,445,"Yes","Yes","General"
"Cifuentes Jara 2008ak",-3.00022453787657,-2.35565406112427,0.0948314606741573,3,"Wet","Pasture","445",42.2,445,"Yes","Yes","General"
"Cifuentes Jara 2008al",-2.25601993980244,-1.66250688056433,0.189662921348315,6.5,"Wet","Pasture","445",84.4,445,"Yes","Yes","General"
"Cifuentes Jara 2008am",-2.25732959977534,-1.66369241715843,0.189438202247191,9,"Wet","Pasture","445",84.3,445,"Yes","Yes","General"
"Cifuentes Jara 2008an",-1.87050633636779,-1.3206328752377,0.266966292134831,18,"Wet","Pasture","445",118.8,445,"Yes","Yes","General"
"Cifuentes Jara 2008ao",-1.76758675228516,-1.23207947789625,0.291685393258427,20,"Wet","Pasture","445",129.8,445,"Yes","Yes","General"
"Cifuentes Jara 2008ap",-1.70581079159455,-1.17955427697779,0.307415730337079,25,"Wet","Pasture","445",136.8,445,"Yes","Yes","General"
"Cifuentes Jara 2008aq",-0.961243905114355,-0.591930068415887,0.553258426966292,29,"Wet","Pasture","445",246.2,445,"Yes","Yes","General"
"Cifuentes Jara 2008ar",-1.42825458036494,-0.949998578948747,0.386741573033708,35,"Wet","Pasture","445",172.1,445,"Yes","Yes","General"
"Cifuentes Jara 2008as",-0.686917679818494,-0.401316422447004,0.669438202247191,60,"Wet","Pasture","445",297.9,445,"Yes","Yes","General"
"Cifuentes Jara 2008at",-3.921452095717,-3.24792351030843,0.0388548057259714,0.5,"Wet","Pasture","440.1",17.1,440.1,"Yes","Yes","General"
"Cifuentes Jara 2008au",-2.29597947291333,-1.69874478939253,0.182912974324017,10,"Wet","Pasture","440.1",80.5,440.1,"Yes","Yes","General"
"Cifuentes Jara 2008av",-1.98517738092851,-1.42073668846914,0.241536014542149,15,"Wet","Pasture","440.1",106.3,440.1,"Yes","Yes","General"
"Cifuentes Jara 2008aw",-1.34173045111244,-0.880799896176814,0.414451261077028,19,"Wet","Pasture","440.1",182.4,440.1,"Yes","Yes","General"
"Cifuentes Jara 2008ax",-1.6151748493544,-1.10339535210871,0.331742785730516,20,"Wet","Pasture","440.1",146,440.1,"Yes","Yes","General"
"Cifuentes Jara 2008ay",-1.16297188158524,-0.741801021370159,0.476255396500795,20,"Wet","Pasture","440.1",209.6,440.1,"Yes","Yes","General"
"Cifuentes Jara 2008az",-1.22471663584466,-0.789184732310691,0.454214951147466,30,"Wet","Pasture","440.1",199.9,440.1,"Yes","Yes","General"
"Cifuentes Jara 2008ba",-1.28995733850342,-0.839977901656559,0.431720063621904,35,"Wet","Pasture","440.1",190,440.1,"Yes","Yes","General"
"Cifuentes Jara 2008bb",-0.910095810942487,-0.555194763900655,0.573960463531016,40,"Wet","Pasture","440.1",252.6,440.1,"Yes","Yes","General"
"Cifuentes Jara 2008bc",-1.02570672367955,-0.638972334040682,0.527834583049307,50,"Wet","Pasture","440.1",232.3,440.1,"Yes","Yes","General"
"Brearley et al 2004a",-0.539501423742657,-0.305700577954459,0.736607142857143,55,"Wet","Shifting agriculture","89.6",66,89.6,"Yes","No","General"
"Alves et al 2003a",-3.89859998509601,-3.22552036758687,0.0397350993377483,2,"Wet","Arable agriculture","453",18,453,"Yes","No","General"
"Alves et al 2003b",-2.10959457985052,-1.53092464681246,0.216335540838852,3,"Wet","Arable agriculture","453",98,453,"Yes","No","General"
"Alves et al 2003d",-2.09820381813536,-1.52077227534844,0.218543046357616,5,"Wet","Arable agriculture","453",99,453,"Yes","No","General"
"Alves et al 2003f",-1.69111594344837,-1.16713223510487,0.311258278145695,11,"Wet","Pasture","453",141,453,"Yes","No","General"
"Alves et al 2003g",-1.16141318990714,-0.740613717798869,0.47682119205298,16,"Wet","Pasture","453",216,453,"Yes","No","General"
"Gehring et al 2005a",-4.21714927367005,-3.53863511245,0.02905295404814,2,"Moist","Shifting agriculture","457",13.2772,457,"Yes","Yes","General"
"Gehring et al 2005b",-2.75037779482692,-2.11917550687452,0.120130634573304,3,"Moist","Shifting agriculture","457",54.8997,457,"Yes","Yes","General"
"Gehring et al 2005c",-2.30610643112652,-1.70794982062003,0.181236980306346,3,"Moist","Shifting agriculture","457",82.8253,457,"Yes","Yes","General"
"Gehring et al 2005d",-1.94522111173391,-1.38569147943225,0.250150765864333,3,"Moist","Shifting agriculture","457",114.3189,457,"Yes","Yes","General"
"Gehring et al 2005e",-2.20685803180368,-1.61811218689648,0.198272647702407,5,"Moist","Shifting agriculture","457",90.6106,457,"Yes","Yes","General"
"Gehring et al 2005f",-1.86901446194353,-1.31934026966967,0.267311597374179,7,"Moist","Shifting agriculture","457",122.1614,457,"Yes","Yes","General"
"Gehring et al 2005g",-1.57577912390336,-1.07064256249251,0.34278818380744,8,"Moist","Shifting agriculture","457",156.6542,457,"Yes","Yes","General"
"Gehring et al 2005h",-1.68196994309161,-1.15941512658291,0.313669584245077,10,"Moist","Shifting agriculture","457",143.347,457,"Yes","Yes","General"
"Gehring et al 2005i",-1.54585173379575,-1.04590856708132,0.351372428884026,10,"Moist","Shifting agriculture","457",160.5772,457,"Yes","Yes","General"
"Gehring et al 2005j",-1.26098945252853,-0.817334432235904,0.441607221006565,18,"Moist","Shifting agriculture","457",201.8145,457,"Yes","Yes","General"
"Gehring et al 2005k",-1.32601589456596,-0.868362145383272,0.41963829321663,20,"Moist","Shifting agriculture","457",191.7747,457,"Yes","Yes","General"
"Gehring et al 2005l",-1.18621450486223,-0.759557737327192,0.467873304157549,12,"Moist","Shifting agriculture","457",213.8181,457,"Yes","Yes","General"
"Gehring et al 2005m",-1.1766417008086,-0.752232588230942,0.471313129102845,25,"Moist","Shifting agriculture","457",215.3901,457,"Yes","Yes","General"
"Gehring et al 2005n",-3.1136769015097,-2.46400795715334,0.0850932166301969,4,"Moist","Shifting agriculture","457",38.8876,457,"Yes","Yes","General"
"Gehring et al 2005o",-3.1598216472184,-2.50823216664516,0.0814120350109409,7,"Moist","Shifting agriculture","457",37.2053,457,"Yes","Yes","General"
"Marín-Spiotta et al 2007a",-1.70988069546495,-1.18299968094566,0.30635838150289,10,"Wet","Pasture","173",53,173,"No","No","General"
"Marín-Spiotta et al 2007b",-0.446583355037637,-0.24801681605935,0.780346820809249,20,"Wet","Pasture","173",135,173,"No","No","General"
"Marín-Spiotta et al 2007c",-0.942741917961325,-0.578580615994396,0.560693641618497,30,"Wet","Pasture","173",97,173,"No","No","General"
"Marín-Spiotta et al 2007d",0.0925515573652451,0.0452054367680468,1.04624277456647,60,"Wet","Pasture","173",181,173,"No","No","General"
"Marín-Spiotta et al 2007e",1.30173697309183,0.452510471798218,1.57225433526012,80,"Wet","Pasture","173",272,173,"No","No","General"
"Letcher et al 2009a",-1.692815021615,-1.16856707680493,0.310811992040244,10,"Wet","Pasture","163.4428571",50.8,163.4428571,"Yes","Yes","General"
"Letcher et al 2009b",-0.57906863966702,-0.330876523995374,0.718293855620565,10,"Wet","Pasture","163.4428571",117.4,163.4428571,"Yes","Yes","General"
"Letcher et al 2009c",-0.967768135934702,-0.596653761059105,0.550651167000433,10,"Wet","Pasture","163.4428571",90,163.4428571,"Yes","Yes","General"
"Letcher et al 2009d",-0.823602130261477,-0.494297754421578,0.60999912611048,11,"Wet","Pasture","163.4428571",99.7,163.4428571,"Yes","Yes","General"
"Letcher et al 2009e",-2.12101427443989,-1.54111536989996,0.214142120500168,11,"Wet","Pasture","163.4428571",35,163.4428571,"Yes","Yes","General"
"Letcher et al 2009f",-3.00698596644005,-2.36209592196979,0.0942225330200741,14,"Wet","Pasture","163.4428571",15.4,163.4428571,"Yes","Yes","General"
"Letcher et al 2009g",-0.699512657578671,-0.409713258408856,0.663840573550522,16,"Wet","Shifting agriculture","163.4428571",108.5,163.4428571,"Yes","Yes","General"
"Letcher et al 2009h",-0.0605026723508397,-0.0307088380720355,0.969757888550763,18,"Wet","Pasture","163.4428571",158.5,163.4428571,"Yes","Yes","General"
"Letcher et al 2009i",-0.427877258678131,-0.236651027027698,0.789266672700621,18,"Wet","Pasture","163.4428571",129,163.4428571,"Yes","Yes","General"
"Letcher et al 2009j",-0.783503710833215,-0.466600632810907,0.627130495750493,18,"Wet","Pasture","163.4428571",102.5,163.4428571,"Yes","Yes","General"
"Letcher et al 2009k",-2.6436082297736,-2.01915117084296,0.132768114710104,19,"Wet","Pasture","163.4428571",21.7,163.4428571,"Yes","Yes","General"
"Letcher et al 2009l",-0.335243697977219,-0.181605092686883,0.833930600690656,19,"Wet","Pasture","163.4428571",136.3,163.4428571,"Yes","Yes","General"
"Letcher et al 2009m",0.766703885610173,0.311604799117785,1.36561489416107,21,"Wet","Pasture","163.4428571",223.2,163.4428571,"Yes","Yes","General"
"Letcher et al 2009n",-0.549945261898835,-0.312310589872839,0.731754217480575,23,"Wet","Pasture","163.4428571",119.6,163.4428571,"Yes","Yes","General"
"Letcher et al 2009o",-0.601737274246228,-0.345462797189739,0.707892666910557,24,"Wet","Pasture","163.4428571",115.7,163.4428571,"Yes","Yes","General"
"Letcher et al 2009p",-0.169797570125436,-0.0884983658489933,0.91530460648072,24,"Wet","Pasture","163.4428571",149.6,163.4428571,"Yes","Yes","General"
"Letcher et al 2009q",-0.504071987987224,-0.283466398198962,0.753168429530592,25,"Wet","Pasture","163.4428571",123.1,163.4428571,"Yes","Yes","General"
"Letcher et al 2009r",1.35769622629553,0.464218199626157,1.59077003800125,27,"Wet","Pasture","163.4428571",260,163.4428571,"Yes","Yes","General"
"Letcher et al 2009s",3.01480163419748,0.645256882607223,1.9064767070815,32,"Wet","Pasture","163.4428571",311.6,163.4428571,"Yes","Yes","General"
"Letcher et al 2009t",0.209485761608114,0.0992673463835656,1.10436150715087,34,"Wet","Pasture","163.4428571",180.5,163.4428571,"Yes","Yes","General"
"Letcher et al 2009u",0.0570034566054431,0.0280956090251996,1.02849401303081,35,"Wet","Pasture","163.4428571",168.1,163.4428571,"Yes","Yes","General"
"Letcher et al 2009v",1.23612365065623,0.438111125618259,1.54977711779122,42,"Wet","Pasture","163.4428571",253.3,163.4428571,"Yes","Yes","General"
"Letcher et al 2009w",1.20138014482878,0.430184013160176,1.53754042519121,44,"Wet","Pasture","163.4428571",251.3,163.4428571,"Yes","Yes","General"
"Nadkarni et al 2004a",-1.7031815437467,-1.17732961510058,0.308100387675984,25,"Montane","Pasture","490.1",151,490.1,"No","No","Local"
"Saldarriaga et al 1988a",-2.36248588329757,-1.7593492250773,0.172156862745098,9,"Moist","Shifting agriculture","255",43.9,255,"Yes","Yes","Local"
"Saldarriaga et al 1988b",-2.15649884647344,-1.57286020629417,0.207450980392157,11,"Moist","Shifting agriculture","255",52.9,255,"Yes","Yes","Local"
"Saldarriaga et al 1988c",-1.65531313254688,-1.13698630154972,0.32078431372549,12,"Moist","Shifting agriculture","255",81.8,255,"Yes","Yes","Local"
"Saldarriaga et al 1988d",-2.14599698812955,-1.56345279919228,0.209411764705882,14,"Moist","Shifting agriculture","255",53.4,255,"Yes","Yes","Local"
"Saldarriaga et al 1988e",-1.63363264102116,-1.11881499598563,0.326666666666667,20,"Moist","Shifting agriculture","255",83.3,255,"Yes","Yes","Local"
"Saldarriaga et al 1988f",-1.98687150668638,-1.42222637034595,0.241176470588235,20,"Moist","Shifting agriculture","255",61.5,255,"Yes","Yes","Local"
"Saldarriaga et al 1988g",-1.94501409164769,-1.38551035480768,0.250196078431373,20,"Moist","Shifting agriculture","255",63.8,255,"Yes","Yes","Local"
"Saldarriaga et al 1988h",-1.44111625872376,-0.960386051739379,0.382745098039216,20,"Moist","Shifting agriculture","255",97.6,255,"Yes","Yes","Local"
"Saldarriaga et al 1988i",-2.13765784268255,-1.55599007799069,0.210980392156863,30,"Moist","Shifting agriculture","255",53.8,255,"Yes","Yes","Local"
"Saldarriaga et al 1988j",-1.30261354507743,-0.849915662929282,0.427450980392157,35,"Moist","Shifting agriculture","255",109,255,"Yes","Yes","Local"
"Saldarriaga et al 1988k",-1.3143208614948,-0.859132318034206,0.423529411764706,35,"Moist","Shifting agriculture","255",108,255,"Yes","Yes","Local"
"Saldarriaga et al 1988l",-0.791882021245634,-0.472359342938194,0.623529411764706,40,"Moist","Shifting agriculture","255",159,255,"Yes","Yes","Local"
"Saldarriaga et al 1988m",-1.22276071819157,-0.787673354052061,0.454901960784314,60,"Moist","Shifting agriculture","255",116,255,"Yes","Yes","Local"
"Saldarriaga et al 1988n",-0.462999461802165,-0.258059816420437,0.772549019607843,60,"Moist","Shifting agriculture","255",197,255,"Yes","Yes","Local"
"Saldarriaga et al 1988o",-0.991640169115942,-0.614009860001221,0.541176470588235,60,"Moist","Shifting agriculture","255",138,255,"Yes","Yes","Local"
"Saldarriaga et al 1988p",-1.03174934343898,-0.643423745207515,0.525490196078431,80,"Moist","Shifting agriculture","255",134,255,"Yes","Yes","Local"
"Saldarriaga et al 1988q",-0.623351418624403,-0.359479994866341,0.698039215686274,80,"Moist","Shifting agriculture","255",178,255,"Yes","Yes","Local"
"Saldarriaga et al 1988r",-0.932820033825366,-0.571450245582425,0.564705882352941,80,"Moist","Shifting agriculture","255",144,255,"Yes","Yes","Local"
"Saldarriaga et al 1988s",-0.95225588056767,-0.585436487557165,0.556862745098039,80,"Moist","Shifting agriculture","255",142,255,"Yes","Yes","Local"
"Sierra et al 2007a",-4.41589447051045,-3.7347586051591,0.0238789346246973,2,"Moist","Pasture","247.8",5.9172,247.8,"Yes","No","Local"
"Sierra et al 2007b",-3.89941450228734,-3.22631870877528,0.0397033898305085,2,"Moist","Pasture","247.8",9.8385,247.8,"Yes","No","Local"
"Sierra et al 2007c",-3.72275347869637,-3.05348622147595,0.0471941081517353,2,"Moist","Pasture","247.8",11.6947,247.8,"Yes","No","Local"
"Sierra et al 2007d",-3.80077881560831,-3.12973881651717,0.043729217110573,2,"Moist","Pasture","247.8",10.8361,247.8,"Yes","No","Local"
"Sierra et al 2007e",-4.12128241880414,-3.44422873592518,0.0319293785310734,2,"Moist","Pasture","247.8",7.9121,247.8,"Yes","No","Local"
"Sierra et al 2007f",-4.39793947176698,-3.71701989224954,0.0243062953995157,8,"Moist","Pasture","247.8",6.0231,247.8,"Yes","No","Local"
"Sierra et al 2007g",-3.80431335975495,-3.13319621268033,0.0435782889426957,10,"Moist","Pasture","247.8",10.7987,247.8,"Yes","No","Local"
"Sierra et al 2007h",-4.47830700805401,-3.79644848692358,0.0224503631961259,11,"Moist","Pasture","247.8",5.5632,247.8,"Yes","No","Local"
"Sierra et al 2007i",-3.86679824374626,-3.19436039681599,0.0409927360774818,11,"Moist","Pasture","247.8",10.158,247.8,"Yes","No","Local"
"Sierra et al 2007j",-3.52949117937846,-2.86524222429298,0.0569693301049233,11,"Moist","Pasture","247.8",14.117,247.8,"Yes","No","Local"
"Sierra et al 2007k",-3.67746068848107,-3.00928618393867,0.0493268765133172,12,"Moist","Pasture","247.8",12.2232,247.8,"Yes","No","Local"
"Sierra et al 2007l",-4.02794640549852,-3.35245333869926,0.034998385794996,12,"Moist","Pasture","247.8",8.6726,247.8,"Yes","No","Local"
"Sierra et al 2007m",-3.69632584891754,-3.02769031971954,0.0484273607748184,12,"Moist","Pasture","247.8",12.0003,247.8,"Yes","No","Local"
"Sierra et al 2007n",-3.40390883501055,-2.74346412569472,0.0643470540758676,13,"Moist","Pasture","247.8",15.9452,247.8,"Yes","No","Local"
"Sierra et al 2007o",-2.9548353874927,-2.31246423994017,0.0990169491525424,12,"Moist","Pasture","247.8",24.5364,247.8,"Yes","No","Local"
"Sierra et al 2007p",-3.0111849762611,-2.36609750637772,0.0938462469733656,13,"Moist","Pasture","247.8",23.2551,247.8,"Yes","No","Local"
"Sierra et al 2007q",-2.71240435692975,-2.08352411749322,0.124490718321227,10,"Moist","Pasture","247.8",30.8488,247.8,"Yes","No","Local"
"Sierra et al 2007r",-2.44373505171323,-1.83385850965575,0.15979580306699,11,"Moist","Pasture","247.8",39.5974,247.8,"Yes","No","Local"
"Sierra et al 2007s",-2.46754354365157,-1.85578545022748,0.156330104923325,12,"Moist","Pasture","247.8",38.7386,247.8,"Yes","No","Local"
"Sierra et al 2007t",-2.66449712001366,-2.03866681219907,0.130202179176755,12,"Moist","Pasture","247.8",32.2641,247.8,"Yes","No","Local"
"Sierra et al 2007u",-2.6039571175465,-1.98218154341181,0.137768361581921,12,"Moist","Pasture","247.8",34.139,247.8,"Yes","No","Local"
"Sierra et al 2007v",-2.65898714095819,-2.03351646415656,0.130874495560936,14,"Moist","Pasture","247.8",32.4307,247.8,"Yes","No","Local"
"Sierra et al 2007w",-2.30755495296478,-1.70926716601577,0.180998385794996,10,"Moist","Pasture","247.8",44.8514,247.8,"Yes","No","Local"
"Sierra et al 2007x",-2.32902628982113,-1.72881422636972,0.177494753833737,11,"Moist","Pasture","247.8",43.9832,247.8,"Yes","No","Local"
"Sierra et al 2007y",-2.21446485795836,-1.62496747888253,0.196918079096045,11,"Moist","Pasture","247.8",48.7963,247.8,"Yes","No","Local"
"Sierra et al 2007z",-2.23414152116386,-1.64272389006757,0.193452380952381,12,"Moist","Pasture","247.8",47.9375,247.8,"Yes","No","Local"
"Sierra et al 2007aa",-2.17337238765712,-1.58799670683557,0.204334543987086,12,"Moist","Pasture","247.8",50.6341,247.8,"Yes","No","Local"
"Sierra et al 2007ab",-2.14620870505982,-1.5636423502154,0.20937207425343,13,"Moist","Pasture","247.8",51.8824,247.8,"Yes","No","Local"
"Sierra et al 2007ac",-2.09778858276644,-1.52040242177262,0.21862389023406,13,"Moist","Pasture","247.8",54.175,247.8,"Yes","No","Local"
"Sierra et al 2007ad",-2.19230645247064,-1.60501268994145,0.200887005649718,13,"Moist","Pasture","247.8",49.7798,247.8,"Yes","No","Local"
"Sierra et al 2007ae",-2.32972509678874,-1.72945103579419,0.177381759483454,12,"Moist","Pasture","247.8",43.9552,247.8,"Yes","No","Local"
"Sierra et al 2007af",-2.29456057099263,-1.6974557389335,0.183148910411622,15,"Moist","Pasture","247.8",45.3843,247.8,"Yes","No","Local"
"Sierra et al 2007ag",-2.44541325550218,-1.83540273195653,0.159549233252623,15,"Moist","Pasture","247.8",39.5363,247.8,"Yes","No","Local"
"Sierra et al 2007ah",-1.88622453835955,-1.33426719564578,0.263351089588378,12,"Moist","Pasture","247.8",65.2584,247.8,"Yes","No","Local"
"Sierra et al 2007ai",-1.84325941524739,-1.29706618021034,0.273332526230831,15,"Moist","Pasture","247.8",67.7318,247.8,"Yes","No","Local"
"Sierra et al 2007aj",-1.96404582788172,-1.40218098558625,0.246059725585149,19,"Moist","Pasture","247.8",60.9736,247.8,"Yes","No","Local"
"Sierra et al 2007ak",-1.82262451914544,-1.27927662377116,0.278238498789346,17,"Moist","Pasture","247.8",68.9475,247.8,"Yes","No","Local"
"Sierra et al 2007al",-1.66238355723168,-1.14292604623423,0.318884584342211,13,"Moist","Pasture","247.8",79.0196,247.8,"Yes","No","Local"
"Sierra et al 2007am",-1.37904620182068,-0.910496413393176,0.402324455205811,15,"Moist","Pasture","247.8",99.696,247.8,"Yes","No","Local"
"Sierra et al 2007an",-1.51034948243155,-1.01673554027748,0.361774011299435,16,"Moist","Pasture","247.8",89.6476,247.8,"Yes","No","Local"
"Sierra et al 2007ao",-1.62943637546764,-1.11530532476556,0.327815173527038,19,"Moist","Pasture","247.8",81.2326,247.8,"Yes","No","Local"
"Sierra et al 2007ap",-1.57528210412461,-1.07023074651059,0.342929378531073,20,"Moist","Pasture","247.8",84.9779,247.8,"Yes","No","Local"
"Sierra et al 2007aq",-1.26167529938278,-0.817868882088119,0.441371267150928,23,"Moist","Pasture","247.8",109.3718,247.8,"Yes","No","Local"
"Ferreira et al 1999a",-0.654067426634441,-0.379582360274942,0.68414707655214,40,"Wet","Shifting agriculture","497.7",340.5,497.7,"Yes","No","Local"
"Ferreira et al 1999b",-0.0478290876898814,-0.0242004692964359,0.976090014064698,40,"Wet","Shifting agriculture","497.7",485.8,497.7,"Yes","No","Local"
"Ferreira et al 1999c",0.358212223257619,0.163151640686235,1.17721518987342,40,"Wet","Shifting agriculture","497.7",585.9,497.7,"Yes","No","Local"
